SKU,Producto,Imagen cargada,URL imagen,Página fuente,Fuente,Estado,Nota (concentración/versión),Motivo si quedó pendiente
PER-001,Versace Versense 100ml,Sí,https://cdn.shopify.com/s/files/1/0269/7763/2389/products/Versace-Versense-Womens-Eau-de-Toilette-Spray-3.4-Best-Price-Fragrance-Parfume-FragranceOutlet.com-Details.jpg,https://www.perfumania.com/products/versace-versense-womens-eau-de-toilette-spray,Perfumania (distribuidor autorizado),Cargada (imagen principal),Versense EDT (única concentración),
PER-002,Le Male Le Parfum JPG 125ml,Sí,https://medias.jeanpaulgaultier.com/medias/sys_master/images/h5c/h8a/9564589260830/9564589195294/9564589195294.png,https://www.jeanpaulgaultier.com/uk/en/p/range-le-male/le-male-le-parfum-eau-de-parfum-intense-000000000065156533,Sitio oficial Jean Paul Gaultier (jeanpaulgaultier.com),Cargada (imagen principal),Le Male Le Parfum Eau de Parfum Intense 125 ml,
PER-003,Olympea Paco Rabanne,Sí,https://medias.rabanne.com/medias/sys_master/images/h63/h78/10779226669086/10779226603550/10779226603550.jpg,https://www.rabanne.com/es/es_ES/fragrance/p/olympea--000000000065137847,Sitio oficial Rabanne,Cargada (imagen principal),,
PER-004,Ultra Male JPG 125ml (tester),No,,,,Pendiente,,"Producto ""tester"": la presentación tester (sin caja/caja blanca) difiere del packshot oficial. Candidata oficial si se acepta: https://medias.jeanpaulgaultier.com/medias/sys_master/images/hea/h9a/9534776836126/9534776770590/9534776770590.png (Ultra Male EDT Intense 125 ml, verificada)"
PER-005,Flower by Kenzo 50ml,Sí,https://cdn.shopify.com/s/files/1/0269/7763/2389/products/Kenzo-Flower-Womens-Eau-de-Parfume-Spray-3.4-Best-Price-Fragrance-Parfume-FragranceOutlet.com-Details.jpg,https://www.perfumania.com/products/kenzo-flower-womens-eau-de-parfum-spray,Perfumania (distribuidor autorizado),Cargada (imagen principal),concentración no especificada en Shopify; se usó Flower by Kenzo EDP original,
PER-006,Bad Boy Carolina Herrera,Sí,https://medias.carolinaherrera.com/medias/sys_master/images/h56/h98/10540590530590/10540590465054/10540590465054.jpg,https://www.carolinaherrera.com/ww/en/p-fragrance/bad-boy,Sitio oficial Carolina Herrera,Cargada (imagen principal),,
PER-007,Boss Bottled Hugo Boss,Sí,https://images.hugoboss.com/is/image/boss/hbna58000026_999_200?wid=1600&qlt=90,https://www.hugoboss.com/us/boss-bottled-eau-de-toilette-100-ml/hbna58000026_999.html,Sitio oficial Hugo Boss (hugoboss.com),Cargada (imagen principal),"Título sin concentración: se usó Boss Bottled EDT original 100 ml (frasco). Ojo: el handle dice ""kit"" pero el título no; confirmar si se vende como set.",
PER-008,Devotion Dolce & Gabbana,Sí,https://www.dolcegabbana.com/dw/image/v2/BKDB_PRD/on/demandware.static/-/Sites-15/default/dw7dcffa34/images/zoom/VT0063VT000_9V000_0.jpg,https://www.dolcegabbana.com/en-us/beauty/perfumes-for-her/devotion/devotion-eau-de-parfum---VT0063VT0009V000.html,Sitio oficial Dolce&Gabbana (dolcegabbana.com),Cargada (imagen principal),concentración no especificada; se usó Devotion EDP original,
PER-009,Black XS for Her,Sí,https://medias.rabanne.com/medias/sys_master/images/h2f/h30/10404977213470/10404977147934/10404977147934.jpg,https://www.rabanne.com/es/es_ES/fragrance/p/black-xs-for-her-eau-de-parfum-mujer--000000000065119652,Sitio oficial Rabanne,Cargada (imagen principal),,
PER-010,Pour Homme Paco Rabanne,Sí,https://medias.rabanne.com/medias/sys_master/images/ha1/h8f/10404981538846/10404981473310/10404981473310.jpg,https://www.rabanne.com/es/es_ES/fragrance/p/paco-rabanne-pour-homme--000000000065051929,Sitio oficial Rabanne,Cargada (imagen principal),,
PER-011,Libre Yves Saint Laurent,Sí,https://cdn.shopify.com/s/files/1/0269/7763/2389/files/ysl_libre_Women_301.jpg,https://www.perfumania.com/products/yves-saint-laurent-libre-perfume-eau-de-parfum-for-women,Perfumania (distribuidor autorizado),Cargada (imagen principal),concentración no especificada en Shopify; se usó Libre Eau de Parfum original. Sitio oficial de la marca bloqueado (403/Cloudflare) incluso con Chromium.,
PER-012,Scandal Intense Kit JPG,No,,,,Pendiente,,"Producto ""kit"": no se encontró imagen oficial del kit/set de Scandal Intense (femenino). Candidata oficial del frasco solo: https://medias.jeanpaulgaultier.com/medias/sys_master/images/hfa/h9a/10398986076190/10398986010654/10398986010654.png (Scandal Intense EDP Intense 80 ml, verificada)"
PER-013,Valentino Donna Born in Roma,Sí,https://cdn.shopify.com/s/files/1/0269/7763/2389/files/Valentino_DonnaBorninRoma_EDP_34_W.png,https://www.perfumania.com/products/valentino-donna-born-in-roma-perfume-eau-de-parfum-for-women,Perfumania (distribuidor autorizado),Cargada (imagen principal),concentración no especificada en Shopify; se usó Donna Born in Roma Eau de Parfum original. Sitio oficial de la marca bloqueado (403/Cloudflare) incluso con Chromium.,
PER-014,J'adore Dior,Sí,https://cdn.shopify.com/s/files/1/0269/7763/2389/products/Christian-Dior-Jadore-Women-Eau-de-Parfum-Spray-2.5-Best-Price-Fragrance-Parfume-FragranceOutlet.com-DETAILS.jpg,https://www.perfumania.com/products/christian-dior-jadore-perfume-eau-de-parfum-for-women,Perfumania (distribuidor autorizado),Cargada (imagen principal),concentración no especificada; se usó J'adore EDP original,
PER-015,Versace Bright Crystal,Sí,https://cdn.shopify.com/s/files/1/0269/7763/2389/products/Versace-Versace-Bright-Crystal-Womens-Eau-De-Toilette-EDT-Spray-6.7-oz.-Best-Price-Fragrance-Parfume-FragranceOutlet.com-DETAILS.jpg,https://www.perfumania.com/products/versace-bright-crystal-perfume-eau-de-toilette-for-women,Perfumania (distribuidor autorizado),Cargada (imagen principal),título y descripción = Bright Crystal; se usó EDT original. El handle menciona también Crystal Noir/Yellow Diamond: confirmar que no es un set,
PER-016,Bleu de Chanel,Sí,"https://www.chanel.com/images//t_one/w_0.51,h_0.51,c_crop/q_auto:good,f_auto,fl_lossy,dpr_1.1/w_620/bleu-de-chanel-eau-de-parfum-spray-3-4fl-oz--packshot-default-107360-9564894232606.jpg",https://www.chanel.com/gb/fragrance/p/107360/bleu-de-chanel-eau-de-parfum-spray/,Sitio oficial Chanel,Cargada (imagen principal),Concentración no especificada en Shopify; se usó Eau de Parfum,
PER-017,Halloween,Sí,https://halloweenperfumes.com/382-thickbox_default/halloween-eau-de-toilettea.jpg,https://halloweenperfumes.com/en/helloween-woman/161-118-halloween-eau-de-toilettea.html,Sitio oficial Halloween Perfumes (halloweenperfumes.com),Cargada (imagen principal),concentración no especificada en Shopify; se usó Halloween EDT original (mujer),
PER-018,212 Carolina Herrera,Sí,https://medias.carolinaherrera.com/medias/sys_master/images/h0e/he5/10969337823262/10969337757726/10969337757726.jpg,https://www.carolinaherrera.com/ww/en/p-fragrance/212-nyc,Sitio oficial Carolina Herrera,Cargada (imagen principal),,
PER-019,Euphoria Calvin Klein,Sí,https://cdn.shopify.com/s/files/1/0269/7763/2389/files/Calvin_klein_Eophoria_W_33_Bottle.jpg,https://www.perfumania.com/products/calvin-klein-ck-euphoria-perfume-eau-de-parfum-for-women,Perfumania (distribuidor autorizado),Cargada (imagen principal),concentración no especificada en Shopify; se usó Euphoria Eau de Parfum original (mujer). Sitio oficial de la marca bloqueado (403/Cloudflare) incluso con Chromium.,
PER-020,Erba Pura Xerjoff,Sí,https://cdn.shopify.com/s/files/1/0632/0327/8938/files/listing-xerjoff-erbapura-eau-de-parfum-50ml.png,https://xerjoff.com/products/erba-pura-eau-de-parfum,Sitio oficial Xerjoff (xerjoff.com),Cargada (imagen principal),,
PER-021,Black XS Paco Rabanne (Caballero),Sí,https://medias.rabanne.com/medias/sys_master/images/h13/h53/10490763870238/10490763804702/10490763804702.jpg,https://www.rabanne.com/es/es_ES/fragrance/p/black-xs-eau-de-toilette-hombre--000000000065150134,Sitio oficial Rabanne,Cargada (imagen principal),,
PER-022,212 Men Sexy Carolina Herrera,Sí,https://medias.carolinaherrera.com/medias/sys_master/images/h10/h49/10773055111198/10773055045662/10773055045662.jpg,https://www.carolinaherrera.com/ww/en/p-fragrance/212-sexy-men,Sitio oficial Carolina Herrera,Cargada (imagen principal),,
PER-023,Moschino (Fresh o I Love),No,,,,Pendiente,,"Título ambiguo ""Moschino (Fresh o I Love)"": no se sabe si es Fresh Couture o I Love Love"
PER-024,Explorer Montblanc,Sí,https://www.montblanc.com/dw/image/v2/bhdb_prd/on/demandware.static/-/Sites-montblanc-master/default/dwa5c15d3f/images/all-images/MB124069/7EXKPXcyS36rXCikw52X5Q_8b1b9bee.png?sw=1250&q=90,https://www.montblanc.com/en-us/explorer-eau-de-parfum-100-ml-MB124069.html,Sitio oficial Montblanc (montblanc.com),Cargada (imagen principal),Explorer EDP original (frasco + caja) montblanc.com no permite la descarga desde Shopify; se subió el mismo archivo oficial (verificado) por carga directa.,
PER-025,La Bomba Carolina Herrera 80ml,Sí,https://medias.carolinaherrera.com/medias/sys_master/images/ha1/h88/10975760351262/10975760285726/10975760285726.jpg,https://www.carolinaherrera.com/ww/en/p-fragrance/labomba,Sitio oficial Carolina Herrera,Cargada (imagen principal),,
125 ml: PER-026; 200 ml: PER-027,Amber Oud Al Haramain,Sí,https://shop.alharamainperfumes.com/media/catalog/product/a/h/ahp1049_amber_oud_120ml_picture-02_1_.jpg,https://shop.alharamainperfumes.com/default/amber-oud-gold-edition-120-ml.html,Tienda online oficial Al Haramain (shop.alharamainperfumes.com),Cargada (imagen principal),"Título sin edición; las presentaciones 125/200 ml corresponden a la Amber Oud Gold Edition (120/200 ml), versión emblemática. Se usó Gold Edition 120 ml. Confirmar edición.",
PER-027,Amber Oud Al Haramain 200ml,Sí,https://shop.alharamainperfumes.com/media/catalog/product/a/h/ahp1158_amber_oud_gold_edition_200ml_b.jpg,https://shop.alharamainperfumes.com/default/amber-oud-gold-edition-200ml.html,Tienda online oficial Al Haramain (shop.alharamainperfumes.com),Cargada (imagen principal),Título sin edición; se usó Amber Oud Gold Edition 200 ml (versión emblemática). Confirmar edición.,
PER-028,The One Dolce & Gabbana,Sí,https://www.dolcegabbana.com/dw/image/v2/BKDB_PRD/on/demandware.static/-/Sites-15/default/dwebe891f0/images/zoom/VP7117VP103_9V000_0.jpg,https://www.dolcegabbana.com/en-us/beauty/perfumes-for-her/the-one/the-one-eau-de-parfum---VP7117VP1039V000.html,Sitio oficial Dolce&Gabbana (dolcegabbana.com),Cargada (imagen principal),"The One (mujer) EDP original según descripción/tag Dama. El handle dice ""kit"": si se vende como set, la imagen muestra solo el frasco",
PER-029,La Vida Es Bella (Lancome),Sí,https://cdn.shopify.com/s/files/1/0269/7763/2389/products/Lancome-La-Vie-Est-Belle-Womens-Eau-de-Parfume-Spray-3.4-Best-Price-Fragrance-Parfume-FragranceOutlet.com-Details.jpg,https://www.perfumania.com/products/lancome-la-vie-est-belle-perfume-eau-de-parfum-for-women,Perfumania (distribuidor autorizado),Cargada (imagen principal),concentración no especificada; se usó La Vie Est Belle L'Eau de Parfum original,
PER-030,Invictus Paco Rabanne (Aqua o Comun),No,,,,Pendiente,,"Título ambiguo ""Invictus (Aqua o Comun)"": no se sabe si es Invictus EDT o Invictus Aqua"
PER-031,Light Blue Dolce & Gabbana,Sí,https://www.dolcegabbana.com/dw/image/v2/BKDB_PRD/on/demandware.static/-/Sites-15/default/dw8a77087f/images/zoom/VT01JMVT000_9V000_0.jpg,https://www.dolcegabbana.com/en-us/beauty/perfumes-for-her/light-blue/light-blue-eau-de-toilette---VT01JMVT0009V000.html,Sitio oficial Dolce&Gabbana (dolcegabbana.com),Cargada (imagen principal),concentración no especificada; se usó Light Blue EDT mujer original,
PER-032,My Way Armani,Sí,https://media.ulta.com/i/ulta/2569498?w=2000&h=2000,https://www.ulta.com/p/my-way-eau-de-parfum-pimprod2017056?sku=2569498,Ulta Beauty (retailer autorizado),Cargada (imagen principal),concentración no especificada en Shopify; se usó My Way Eau de Parfum original. Ulta en vez de Perfumania (Perfumania <800 px). Sitio oficial de la marca bloqueado (403/Cloudflare) incluso con Chromium.,
PER-033,Acqua di Gio Armani,Sí,https://cdn.shopify.com/s/files/1/0269/7763/2389/files/Armani_ADG_33_B.png,https://www.perfumania.com/products/giorgio-armani-acqua-di-gio-eau-de-toilette-cologne-for-men,Perfumania (distribuidor autorizado),Cargada (imagen principal),concentración no especificada en Shopify; se usó Acqua di Giò Eau de Toilette original (hombre). Sitio oficial de la marca bloqueado (403/Cloudflare) incluso con Chromium.,
PER-034,Moschino Toy,Sí,https://cdn.shopify.com/s/files/1/0704/4412/2355/files/Aeffe_2Farticle_imgs_2FEUR6VTOY_2026V32100_2F171377.jpg,https://www.moschino.com/products/toy-2-100-ml-eau-de-parfum-oro-eur6vtoy-26v32100,Sitio oficial Moschino (moschino.com),Cargada (imagen principal),"Shopify dice ""Moschino Toy""; las notas (mandarina, manzana, magnolia, peonía, jazmín, sándalo, almizcle) y el frasco de osito corresponden a Toy 2 EDP; se usó Toy 2 EDP",
PER-035,Lady Million,Sí,https://medias.rabanne.com/medias/sys_master/images/h53/h15/10488408342558/10488408277022/10488408277022.jpg,https://www.rabanne.com/es/es_ES/fragrance/p/lady-million--000000000065051781,Sitio oficial Rabanne,Cargada (imagen principal),,
PER-036,Idole Lancome 100ml,Sí,https://n.nordstrommedia.com/it/c5bd6830-67d1-49d6-8e28-1f71cf85cf56.jpeg,https://www.nordstrom.com/s/lancome-idle-eau-de-parfum/5374911,Nordstrom (retailer autorizado),Cargada (imagen principal),concentración no especificada; se usó Idôle EDP original (Perfumania no tiene imagen oficial adecuada),
100 ml: PER-037; 200 ml: sin SKU,Sauvage Dior EDP,Sí,https://cdn.shopify.com/s/files/1/0269/7763/2389/files/Dior_Sauvage_EDP_M.jpg,https://www.perfumania.com/products/christian-dior-sauvage-cologne-eau-de-parfum-for-men,Perfumania (distribuidor autorizado),Cargada (imagen principal),Sauvage EDP (caja dice Eau de Parfum),
PER-038,Versace Crystal Noir,Sí,https://cdn.shopify.com/s/files/1/0269/7763/2389/products/Versace-Crystal-Noir-Womens-Eau-de-Toilette-Spray-1.7-Best-Price-Fragrance-Parfume-FragranceOutlet.com-Details.jpg,https://www.perfumania.com/products/versace-crystal-noir-womens-eau-de-toilette,Perfumania (distribuidor autorizado),Cargada (imagen principal),concentración no especificada; se usó Crystal Noir EDT original,
PER-039,Versace Yellow Diamond,Sí,https://cdn.shopify.com/s/files/1/0269/7763/2389/products/Versace-Yellow-Diamond-Womens-Eau-de-Toilette-Spray-3-Best-Price-Fragrance-Parfume-FragranceOutlet.com-Details.jpg,https://www.perfumania.com/products/versace-yellow-diamond-perfume-womens-eau-de-toilette,Perfumania (distribuidor autorizado),Cargada (imagen principal),concentración no especificada; se usó Yellow Diamond EDT original,
PER-040,Versace Dylan Blue pour Femme,Sí,https://cdn.shopify.com/s/files/1/0269/7763/2389/products/Versace-Dylan-Blue-Women-Eau-de-Parfum-Spray-3.4-Best-Price-Fragrance-Parfume-FragranceOutlet.com-MAIN.jpg,https://www.perfumania.com/products/dylan-blue-eau-de-parfum-spray-for-women-by-versace,Perfumania (distribuidor autorizado),Cargada (imagen principal),Dylan Blue Pour Femme EDP (única concentración principal); solo frasco,
PER-041,Lancome Idole Power,Sí,https://n.nordstrommedia.com/it/5876ccc7-8ecc-49cc-8232-c7c6be90560c.jpeg,https://www.nordstrom.com/s/lancome-idle-power-eau-de-parfum-intense/8163570,Nordstrom (retailer autorizado),Cargada (imagen principal),Idôle Power Eau de Parfum Intense,
PER-042,Carolina Herrera 212 VIP Rose,Sí,https://medias.carolinaherrera.com/medias/sys_master/images/hf3/h01/10992893657118/10992893591582/10992893591582.jpg,https://www.carolinaherrera.com/ww/en/p-fragrance/212-vip-rose,Sitio oficial Carolina Herrera,Cargada (imagen principal),,
PER-043,Carolina Herrera 212 VIP Rose Elixir,Sí,https://medias.carolinaherrera.com/medias/sys_master/images/h08/he2/10773118287902/10773118222366/10773118222366.jpg,https://www.carolinaherrera.com/ww/en/p-fragrance/212-vip-rose-elixir,Sitio oficial Carolina Herrera,Cargada (imagen principal),,
PER-044,Carolina Herrera Good Girl,Sí,https://medias.carolinaherrera.com/medias/sys_master/images/h59/h80/10533531451422/10533531385886/10533531385886.jpg,https://www.carolinaherrera.com/ww/en/p-fragrance/good-girl-eau-de-parfum,Sitio oficial Carolina Herrera,Cargada (imagen principal),,
PER-045,Carolina Herrera Good Girl Very,Sí,https://medias.carolinaherrera.com/medias/sys_master/images/h65/h02/10779007582238/10779007516702/10779007516702.jpg,https://www.carolinaherrera.com/ww/en/p-fragrance/very-good-girl,Sitio oficial Carolina Herrera,Cargada (imagen principal),,
PER-046,Carolina Herrera Good Girl Blush,Sí,https://medias.carolinaherrera.com/medias/sys_master/images/h8b/h3d/11053532119070/11053532053534/11053532053534.jpg,https://www.carolinaherrera.com/ww/en/p-fragrance/good-girl-blush,Sitio oficial Carolina Herrera,Cargada (imagen principal),,
PER-047,Hugo Boss Femme,Sí,https://cdn.shopify.com/s/files/1/0269/7763/2389/files/Boss_FEMMEe_25_W_B.png,https://www.perfumania.com/products/hugo-boss-femme-perfume-for-women-eau-de-parfum,Perfumania (distribuidor autorizado),Cargada (imagen principal),"Interpretado como Boss Femme EDP 75 ml (2.5 oz), coincide con la presentación de la descripción. Imagen frasco + caja. No está en hugoboss.com.",
PER-048,Moschino Toy 2 50ml,Sí,https://cdn.shopify.com/s/files/1/0704/4412/2355/files/Aeffe_2Farticle_imgs_2FEUR6VTOY_2026V3050_2F171375.jpg,https://www.moschino.com/products/toy-2-50-ml-eau-de-parfum-oro-eur6vtoy-26v3050,Sitio oficial Moschino,Cargada (imagen principal),,
PER-049,Moschino Toy 2 Pearl,Sí,https://cdn.shopify.com/s/files/1/0704/4412/2355/files/Aeffe_2Farticle_imgs_2FEUR6Y32100_2F330639.jpg,https://www.moschino.com/products/toy-2-pearl-100-ml-eau-de-parfum-multicolor-eur6y321000,Sitio oficial Moschino (moschino.com),Cargada (imagen principal),Toy 2 Pearl EDP,
PER-050,Moschino Pink Fresh Couture,Sí,https://cdn.shopify.com/s/files/1/0704/4412/2355/files/Aeffe_2Farticle_imgs_2FEUR6TPINK_20FRESH6T3050_2F171360.jpg,https://www.moschino.com/products/pink-fresh-couture-50-ml1-7-o-z-eau-de-toilette-rosa-eur6tpink-fresh6t3050,Sitio oficial Moschino,Cargada (imagen principal),,
PER-051,Moschino Cheap and Chic I Love Love,Sí,https://cdn.shopify.com/s/files/1/0269/7763/2389/products/Moschino-I-Love-Love-Womens-Eau-de-Toilette-Spray-3.4-Best-Price-Fragrance-Parfume-FragranceOutlet.com-Main.jpg,https://www.perfumania.com/products/moschino-i-love-love-womens-eau-de-toilette-spray,Perfumania (distribuidor autorizado),Cargada (imagen principal),I Love Love EDT (no está en moschino.com),
PER-052,Valentino Donna Born in Roma Purple Melancholia,Sí,https://cdn.shopify.com/s/files/1/0269/7763/2389/files/Valentino_DonnaBorninRomaPurpleMelancholia.png,https://www.perfumania.com/products/donna-born-in-roma-purple-melancholia-perfume,Perfumania (distribuidor autorizado),Cargada (imagen principal),Eau de Parfum. Sitio oficial de la marca bloqueado (403/Cloudflare) incluso con Chromium.,
PER-053,Valentino Donna Born in Roma Yellow Dream,Sí,https://media.ulta.com/i/ulta/2578182?w=2000&h=2000,https://www.ulta.com/p/donna-born-in-roma-yellow-dream-eau-de-parfum-pimprod2022352?sku=2578182,Ulta Beauty (retailer autorizado),Cargada (imagen principal),"Eau de Parfum; la imagen de Perfumania para este producto mostraba el frasco Uomo, por eso se usó Ulta. Sitio oficial de la marca bloqueado (403/Cloudflare) incluso con Chromium.",
PER-054,Valentino Donna Born in Roma Coral Fantasy,Sí,https://cdn.shopify.com/s/files/1/0269/7763/2389/files/Coral_Fantasy_W.png,https://www.perfumania.com/products/born-in-roma-coral-fantasy-perfume,Perfumania (distribuidor autorizado),Cargada (imagen principal),Eau de Parfum (frasco Donna). Sitio oficial de la marca bloqueado (403/Cloudflare) incluso con Chromium.,
PER-055,Kenzo Flower La Recolte Parisienne,Sí,https://www.cosma-parfumeries.com/media/catalog/product/3/2/3274872477827_2_1_2.jpg,https://www.cosma-parfumeries.com/uk_en/kenzo-flower-by-kenzo-la-recolte-parisienne-eau-de-parfum.html,"Cosma Parfumeries (perfumería minorista, Bélgica)",Cargada (imagen principal),Flower by Kenzo La Récolte Parisienne EDP; caja legible. Alternativa: Åhléns https://www.ahlens.se/produkter/skonhet/flower-by-kenzo-la-recolte-parisienne-eau-de-parfum-1f0132c3-8bbe-4eb8-9e62-9e1ed75a4b05,
PER-056,Paloma Picasso,Sí,https://cdn.shopify.com/s/files/1/0269/7763/2389/files/ppedp.jpg,https://www.perfumania.com/products/paloma-picasso-paloma-womens-eau-de-parfum-spray,Perfumania (distribuidor autorizado),Cargada (imagen principal),"concentración no especificada en Shopify; se usó Paloma Picasso EDP (imagen con caja de 30 ml, mismo frasco)",
PER-057,Paco Rabanne Invictus Victory Elixir,Sí,https://medias.rabanne.com/medias/sys_master/images/h1c/hc2/10972044591134/10972044525598/10972044525598.jpg,https://www.rabanne.com/es/es_ES/fragrance/p/invictus-victory-elixir--000000000065188729,Sitio oficial Rabanne,Cargada (imagen principal),,
PER-058,Paco Rabanne Phantom Parfum,Sí,https://medias.rabanne.com/medias/sys_master/images/h89/ha6/10733459144734/10733459079198/10733459079198.png,https://www.rabanne.com/es/es_ES/fragrance/p/phantom-parfum--000000000065188736,Sitio oficial Rabanne,Cargada (imagen principal),,
PER-059,Carolina Herrera 212 VIP Black,Sí,https://medias.carolinaherrera.com/medias/sys_master/images/h74/h24/10986554425374/10986554359838/10986554359838.jpg,https://www.carolinaherrera.com/ww/en/p-fragrance/212-vip-black,Sitio oficial Carolina Herrera,Cargada (imagen principal),,
PER-060,Carolina Herrera 212 Men,Sí,https://medias.carolinaherrera.com/medias/sys_master/images/h48/h1a/10970291798046/10970291732510/10970291732510.jpg,https://www.carolinaherrera.com/ww/en/p-fragrance/212-nyc-men,Sitio oficial Carolina Herrera,Cargada (imagen principal),,
PER-061,Carolina Herrera 212 VIP Men,Sí,https://medias.carolinaherrera.com/medias/sys_master/images/hdc/ha3/10969359974430/10969359908894/10969359908894.jpg,https://www.carolinaherrera.com/ww/en/p-fragrance/212-vip-men,Sitio oficial Carolina Herrera,Cargada (imagen principal),,
PER-062,Carolina Herrera Bad Boy Le Parfum,Sí,https://medias.carolinaherrera.com/medias/sys_master/images/ha2/h91/10540572246046/10540572180510/10540572180510.jpg,https://www.carolinaherrera.com/ww/en/p-fragrance/badboy-leparfum,Sitio oficial Carolina Herrera,Cargada (imagen principal),,
PER-063,Issey Miyake L'Eau D'Issey Pour Homme Intense,Sí,https://cdn.shopify.com/s/files/1/0853/1863/1748/files/issey_miyake_l_eau_d_issey_pour_homme_intense_eau_de_toilette_spray_125ml.png?v=1729190333,https://escentual.com/products/issey-miyake-leau-dissey-pour-homme-intense-eau-de-toilette-spray,Escentual (retailer autorizado UK),Cargada (imagen principal),L'Eau d'Issey Pour Homme Intense EDT; ya no figura en el sitio oficial,
PER-064,Jean Paul Gaultier Le Male Elixir,Sí,https://medias.jeanpaulgaultier.com/medias/sys_master/images/h11/hbc/9620927381534/9620927315998/9620927315998.png,https://www.jeanpaulgaultier.com/uk/en/p/range-le-male/le-male-elixir-parfum-000000000065189084,Sitio oficial Jean Paul Gaultier (jeanpaulgaultier.com),Cargada (imagen principal),Le Male Elixir Parfum 125 ml,
PER-065,Jean Paul Gaultier Le Beau,Sí,https://medias.jeanpaulgaultier.com/medias/sys_master/images/h8e/hea/9534673223710/9534673158174/9534673158174.png,https://www.jeanpaulgaultier.com/uk/en/p/range-le-beau/le-beau-eau-de-toilette-000000000065132208,Sitio oficial Jean Paul Gaultier (jeanpaulgaultier.com),Cargada (imagen principal),Concentración no especificada; se usó Le Beau EDT original 125 ml,
PER-066,Jean Paul Gaultier Le Beau Le Parfum,Sí,https://medias.jeanpaulgaultier.com/medias/sys_master/images/hbe/h8b/9534656315422/9534656249886/9534656249886.png,https://www.jeanpaulgaultier.com/uk/en/p/range-le-beau/le-beau-le-parfum-eau-de-parfum-intense-000000000065180318,Sitio oficial Jean Paul Gaultier (jeanpaulgaultier.com),Cargada (imagen principal),Le Beau Le Parfum EDP Intense 125 ml,
PER-067,Jean Paul Gaultier Scandal pour Homme,Sí,https://medias.jeanpaulgaultier.com/medias/sys_master/images/hb9/hb0/9559475355678/9559475290142/9559475290142.png,https://www.jeanpaulgaultier.com/uk/en/p/range-scandal-pour-homme/scandal-pour-homme-eau-de-toilette-000000000065154951,Sitio oficial Jean Paul Gaultier (jeanpaulgaultier.com),Cargada (imagen principal),Concentración no especificada; se usó Scandal pour Homme EDT original 100 ml (la descripción menciona set con miniatura; la imagen es solo el frasco),
PER-068,Jean Paul Gaultier Scandal Intense pour Homme,Sí,https://medias.jeanpaulgaultier.com/medias/sys_master/images/h55/ha5/10411400921118/10411400855582/10411400855582.png,https://www.jeanpaulgaultier.com/uk/en/p/range-scandal-pour-homme/scandal-pour-homme-intense-eau-de-parfum-intense-000000000065214935,Sitio oficial Jean Paul Gaultier (jeanpaulgaultier.com),Cargada (imagen principal),Scandal pour Homme Intense EDP Intense 100 ml (la descripción menciona set con miniatura; la imagen es solo el frasco),
PER-069,Versace Pour Homme,Sí,https://cdn.shopify.com/s/files/1/0269/7763/2389/products/Versace-Pour-Homme-Mens-Eau-de-Toilette-Spray-3.4-Best-Price-Fragrance-Parfume-FragranceOutlet.com-Details.jpg,https://www.perfumania.com/products/versace-pour-homme-cologne-mens-eau-de-toilette,Perfumania (distribuidor autorizado),Cargada (imagen principal),Versace Pour Homme EDT,
PER-070,Versace Eros,Sí,https://cdn.shopify.com/s/files/1/0269/7763/2389/files/Versace_Eros_B.jpg,https://www.perfumania.com/products/versace-eros-cologne-eau-de-toilette-for-men,Perfumania (distribuidor autorizado),Cargada (imagen principal),concentración no especificada; se usó Eros EDT original,
PER-071,Versace Dylan Blue pour Homme,Sí,https://cdn.shopify.com/s/files/1/0269/7763/2389/products/Versace-Dylan-Blue-Men-Eau-de-Toilette-Spray-EDT-Spray-6.7-Best-Price-Fragrance-parfum-FragranceOutlet.com-DETAILS.jpg,https://www.perfumania.com/products/versace-dylan-blue-cologne-for-men-eau-de-toilette,Perfumania (distribuidor autorizado),Cargada (imagen principal),"Dylan Blue Pour Homme EDT. La descripción dice ""viene en set con extras"": la imagen muestra frasco+caja, no el set",
PER-072,Hugo Man,Sí,https://images.hugoboss.com/is/image/boss/hbna58097774_999_200?wid=1600&qlt=90,https://www.hugoboss.com/us/hugo-man-eau-de-toilette-125-ml/hbna58097774_999.html,Sitio oficial Hugo Boss (hugoboss.com),Cargada (imagen principal),Concentración no especificada; se usó HUGO Man EDT 125 ml (frasco verde-azulado),
PER-073,Ralph Lauren Polo Blue,Sí,https://cdn.shopify.com/s/files/1/0269/7763/2389/products/Ralph-Lauren-Polo-Blue-Mens-Eau-de-Toilette-Spray-4.2-Best-Price-Fragrance-Parfume-FragranceOutlet.com-Details.jpg,https://www.perfumania.com/products/ralph-lauren-polo-blue-cologne-mens-eau-de-toilette,Perfumania (distribuidor autorizado),Cargada (imagen principal),concentración no especificada en Shopify; se usó Polo Blue Eau de Toilette original (125 ml). Sitio oficial de la marca bloqueado (403/Cloudflare) incluso con Chromium.,
PER-074,Valentino Uomo Born in Roma,Sí,https://cdn.shopify.com/s/files/1/0269/7763/2389/files/Valentino_Uomo_BornInRoma_EDT_34_M.png,https://www.perfumania.com/products/valentino-uomo-born-in-roma-cologne-eau-de-toilette-for-men,Perfumania (distribuidor autorizado),Cargada (imagen principal),concentración no especificada en Shopify; se usó Uomo Born in Roma Eau de Toilette original. Sitio oficial de la marca bloqueado (403/Cloudflare) incluso con Chromium.,
PER-075,Valentino Uomo Born in Roma Extradose,Sí,https://cdn.shopify.com/s/files/1/0269/7763/2389/files/Uomo_Born_In_Roma_Extradose_17.png,https://www.perfumania.com/products/uomo-born-in-roma-extradose-cologne,Perfumania (distribuidor autorizado),Cargada (imagen principal),Parfum. Sitio oficial de la marca bloqueado (403/Cloudflare) incluso con Chromium.,
PER-076,Valentino Uomo Born in Roma Green Stravaganza,Sí,https://cdn.shopify.com/s/files/1/0269/7763/2389/files/uomo_greenstra_edt_34_140c8e5a-c5ae-474f-a0d7-4926cf036636.png,https://www.perfumania.com/products/uomo-born-in-roma-green-stravaganza-eau-de-toilette,Perfumania (distribuidor autorizado),Cargada (imagen principal),Eau de Toilette. Sitio oficial de la marca bloqueado (403/Cloudflare) incluso con Chromium.,
PER-077,Valentino Uomo Born in Roma Coral Fantasy,Sí,https://media.ulta.com/i/ulta/2595268?w=2000&h=2000,https://www.ulta.com/p/uomo-born-in-roma-coral-fantasy-eau-de-toilette-pimprod2032199?sku=2595268,Ulta Beauty (retailer autorizado),Cargada (imagen principal),Eau de Toilette. Ulta en vez de Perfumania (Perfumania <800 px). Sitio oficial de la marca bloqueado (403/Cloudflare) incluso con Chromium.,
PER-078,Valentino Uomo Born in Roma Purple Melancholia,Sí,https://media.ulta.com/i/ulta/2653813?w=2000&h=2000,https://www.ulta.com/p/uomo-born-in-roma-purple-melancholia-eau-de-toilette-pimprod2057500?sku=2653813,Ulta Beauty (retailer autorizado),Cargada (imagen principal),Eau de Toilette. Ulta en vez de Perfumania (Perfumania <800 px). Sitio oficial de la marca bloqueado (403/Cloudflare) incluso con Chromium.,
PER-079,Halloween Man Mystery,Sí,https://halloweenperfumes.com/386-thickbox_default/halloween-man-mystery.jpg,https://halloweenperfumes.com/en/helloween-man/156-halloween-man-mystery.html,Sitio oficial Halloween Perfumes (halloweenperfumes.com),Cargada (imagen principal),"Halloween Man Mystery EDP (frasco negro, distinto de Man/Man X)",
PER-080,Creed Aventus,Sí,https://cdn.shopify.com/s/files/1/0271/3298/5441/files/Aventus_100ml_Mobile_1_0e7694fb-2806-484a-83ca-197c61011d63.jpg,https://creedboutique.com/products/aventus,Boutique oficial Creed (creedboutique.com),Cargada (imagen principal),,
PER-081,Creed Green Irish Tweed,Sí,https://cdn.shopify.com/s/files/1/0271/3298/5441/files/Green_Irish_Tweed_100ml_Mobile_1_4f5c7edc-a867-40d3-9d76-c2911288b0bb.jpg,https://creedboutique.com/products/green-irish-tweed,Boutique oficial Creed (creedboutique.com),Cargada (imagen principal),,
PER-082,Creed Silver Mountain Water,Sí,https://cdn.shopify.com/s/files/1/0271/3298/5441/files/Silver_Mountain_Water_100ml_Mobile_1_c7bc2a96-089e-4ab9-b177-d495d800351f.jpg,https://creedboutique.com/products/silver-mountain-water,Boutique oficial Creed (creedboutique.com),Cargada (imagen principal),,
PER-083,Creed Aventus for Her,Sí,https://cdn.shopify.com/s/files/1/0271/3298/5441/files/Aventus_For_Her_75ml_Mobile_1_c31833de-2281-4dfc-ad07-5f228f524e95.jpg,https://creedboutique.com/products/aventus-for-her,Boutique oficial Creed (creedboutique.com),Cargada (imagen principal),,
PER-084,Creed Viking,Sí,https://cdn.shopify.com/s/files/1/0271/3298/5441/files/Viking_100ml_Mobile_1.jpg,https://creedboutique.com/products/viking,Boutique oficial Creed (creedboutique.com),Cargada (imagen principal),,
PER-085,Creed Royal Oud,Sí,https://cdn.shopify.com/s/files/1/0271/3298/5441/files/Royal_Oud_100ml_Mobile_1_1.jpg,https://creedboutique.com/products/royal-oud,Boutique oficial Creed (creedboutique.com),Cargada (imagen principal),,
PER-086,Maison Francis Kurkdjian Baccarat Rouge 540 EDP,Sí,https://n.nordstrommedia.com/it/33473e89-259b-4f5d-8ad8-d0bcc43b9b20.jpeg,https://www.nordstrom.com/s/baccarat-rouge-540-eau-de-parfum/5495565,Nordstrom (retailer autorizado),Cargada (imagen principal),Sitio oficial MFK bloqueado; imagen de Nordstrom,
PER-087,Maison Francis Kurkdjian Baccarat Rouge 540 Extrait,Sí,https://n.nordstrommedia.com/it/bbb6276b-bb19-4c46-8fa8-09a3cebd8dfd.jpeg,https://www.nordstrom.com/s/maison-francis-kurkdjian-paris-baccarat-rouge-540-extrait-de-parfum/5495553,Nordstrom (retailer autorizado),Cargada (imagen principal),Sitio oficial MFK bloqueado; imagen de Nordstrom,
PER-088,Maison Francis Kurkdjian Grand Soir,Sí,https://n.nordstrommedia.com/it/05db563a-0934-4427-9742-07f5f8db88a6.jpeg,https://www.nordstrom.com/s/maison-francis-kurkdjian-paris-grand-soir-eau-de-parfum/7276102,Nordstrom (retailer autorizado),Cargada (imagen principal),EDP. Sitio oficial MFK bloqueado; imagen de Nordstrom,
PER-089,Maison Francis Kurkdjian Oud Satin Mood,Sí,https://n.nordstrommedia.com/it/50d7cb53-701e-4ad0-9785-ec23e8478896.jpeg,https://www.nordstrom.com/s/maison-francis-kurkdjian-paris-oud-satin-mood-eau-de-parfum/5495542,Nordstrom (retailer autorizado),Cargada (imagen principal),EDP (no Extrait). Sitio oficial MFK bloqueado; imagen de Nordstrom,
PER-090,Parfums de Marly Layton,Sí,https://cdn.shopify.com/s/files/1/0525/0239/7079/files/LAYTON-PERFUME-125-PACK1-1X1_CENTERED_3_ff589b84-1e01-491c-a2da-2b46bad5df52.png,https://parfums-de-marly.com/products/layton,Sitio oficial Parfums de Marly,Cargada (imagen principal),,
PER-091,Parfums de Marly Herod,Sí,https://cdn.shopify.com/s/files/1/0525/0239/7079/files/HEROD-PERFUME-125-PACK1-1X1_CENTERED_3e70cfc5-b970-4b93-b7dc-9142dd852943.png,https://parfums-de-marly.com/products/herod,Sitio oficial Parfums de Marly,Cargada (imagen principal),,
PER-092,Parfums de Marly Delina,Sí,https://cdn.shopify.com/s/files/1/0525/0239/7079/files/DELINA-PERFUME-75-PACK1-1X1_CENTERED_1_4a6d11a8-5b19-4ffb-950b-15dda6043b65.png,https://parfums-de-marly.com/products/delina,Sitio oficial Parfums de Marly,Cargada (imagen principal),,
PER-093,Parfums de Marly Pegasus,Sí,https://cdn.shopify.com/s/files/1/0525/0239/7079/files/PEGASUS-PERFUME-125-PACK1-1X1_CENTERED_d3297627-c8b1-4b62-b09f-d14238ee595d.png,https://parfums-de-marly.com/products/pegasus,Sitio oficial Parfums de Marly,Cargada (imagen principal),,
PER-094,Parfums de Marly Percival,Sí,https://cdn.shopify.com/s/files/1/0525/0239/7079/files/PERCIVAL-PERFUME-125-PACK1-1X1_CENTERED_1_5476f34c-058e-4eae-a180-3e4526067d70.png,https://parfums-de-marly.com/products/percival,Sitio oficial Parfums de Marly,Cargada (imagen principal),,
PER-095,Parfums de Marly Althaïr,Sí,https://cdn.shopify.com/s/files/1/0525/0239/7079/files/ALTHAIR-PERFUME-125-PACK1-1X1_CENTERED_1_bcd238cb-aba9-49a0-b846-7282708cf0ad.png,https://parfums-de-marly.com/products/althair,Sitio oficial Parfums de Marly,Cargada (imagen principal),,
PER-096,Tom Ford Tobacco Vanille,Sí,https://cdn.shopify.com/s/files/1/0761/9690/5173/files/tf_sku_T0CA01_2000x2000_0.png,https://www.tomfordbeauty.com/products/tobacco-vanille-eau-de-parfum,Sitio oficial Tom Ford Beauty,Cargada (imagen principal),,
PER-097,Tom Ford Oud Wood,Sí,https://cdn.shopify.com/s/files/1/0761/9690/5173/files/tf_sku_T1XF01_2000x2000_0.png,https://www.tomfordbeauty.com/products/oud-wood-eau-de-parfum,Sitio oficial Tom Ford Beauty,Cargada (imagen principal),,
PER-098,Tom Ford Lost Cherry,Sí,https://cdn.shopify.com/s/files/1/0761/9690/5173/files/tf_sku_T81201_2000x2000_0_4c3e9f06-92a9-465b-bcae-03beb13bb6da.png,https://www.tomfordbeauty.com/products/lost-cherry-eau-de-parfum,Sitio oficial Tom Ford Beauty,Cargada (imagen principal),,
PER-099,Tom Ford Bitter Peach,Sí,https://cdn.shopify.com/s/files/1/0761/9690/5173/files/tf_sku_T94101_2000x2000_0_73bfa9b2-2074-43d8-96f6-e9804ee48f9d.png,https://www.tomfordbeauty.com/products/bitter-peach-eau-de-parfum,Sitio oficial Tom Ford Beauty,Cargada (imagen principal),,
PER-100,Tom Ford Soleil Blanc,Sí,https://cdn.shopify.com/s/files/1/0761/9690/5173/files/tf_sku_T40T01_2000x2000_0.png,https://www.tomfordbeauty.com/products/soleil-blanc-eau-de-parfum,Sitio oficial Tom Ford Beauty,Cargada (imagen principal),,
PER-101,Le Labo Santal 33,Sí,https://lelabo.ips.photos/lelabo-java/images/skus/100PS33100__PRODUCT_01--IMG_1200--SANTAL33-883562345.jpg,https://www.lelabofragrances.com/santal-33-147.html,Sitio oficial Le Labo (lelabofragrances.com),Cargada (imagen principal),EDP 100 ml; packshot oficial sobre fondo gris (estilo de la marca),
PER-102,Le Labo Another 13,Sí,https://lelabo.ips.photos/lelabo-java/images/skus/100PA13100__PRODUCT_01--IMG_1200--ANOTHER13--1593191778.jpg,https://www.lelabofragrances.com/another-13-463.html,Sitio oficial Le Labo (lelabofragrances.com),Cargada (imagen principal),EDP 100 ml; packshot oficial sobre fondo gris (estilo de la marca),
PER-103,Byredo Gypsy Water,Sí,https://www.byredo.com/media/catalog/product/8/0/806168_1_full_no.jpg,https://www.byredo.com/us_en/p/gypsy-water-eau-de-parfum?sku=0065204851,Sitio oficial Byredo (byredo.com),Cargada (imagen principal),EDP,
PER-104,Byredo Mojave Ghost,Sí,https://www.byredo.com/media/catalog/product/0/0/0065204854_1_full_no.jpg,https://www.byredo.com/us_en/p/mojave-ghost-eau-de-parfum?sku=0065204854,Sitio oficial Byredo (byredo.com),Cargada (imagen principal),"EDP (imagen del 50 ml, mismo diseño)",
PER-105,Byredo Bal d'Afrique,Sí,https://www.byredo.com/media/catalog/product/0/0/0065204843_1_full_no.jpg,https://www.byredo.com/us_en/p/bal-d-afrique-eau-de-parfum?sku=0065204843,Sitio oficial Byredo (byredo.com),Cargada (imagen principal),"EDP (imagen del 50 ml, mismo diseño)",
PER-106,Xerjoff Naxos,Sí,https://cdn.shopify.com/s/files/1/0632/0327/8938/files/listing-naxos-eau-de-parfum-100ml.png,https://xerjoff.com/products/naxos-eau-de-parfum,Sitio oficial Xerjoff (xerjoff.com),Cargada (imagen principal),,
PER-107,Xerjoff Alexandria II,Sí,https://cdn.shopify.com/s/files/1/0632/0327/8938/files/listing-xerjoff-alexandriaII-eau-de-parfum-50ml.png,https://xerjoff.com/products/alexandria-ll-parfum,Sitio oficial Xerjoff (xerjoff.com),Cargada (imagen principal),,
PER-108,Xerjoff 40 Knots,Sí,https://cdn.shopify.com/s/files/1/0632/0327/8938/files/listing-xerjoff-40knots-eau-de-parfum-50ml.png,https://xerjoff.com/products/40-knots-eau-de-parfum,Sitio oficial Xerjoff (xerjoff.com),Cargada (imagen principal),,
PER-109,Initio Oud for Greatness,Sí,https://cdn.shopify.com/s/files/1/0583/2350/1233/files/OUDFORGREATNESS_MasterProductPackshot_22edba13-5137-48ea-b47b-49f8bb94f161.png,https://initioparfums.com/products/oud-for-greatness,Sitio oficial Initio Parfums Privés,Cargada (imagen principal),,
PER-110,Initio Side Effect,Sí,https://cdn.shopify.com/s/files/1/0583/2350/1233/files/SIDEEFFECT_MasterProductPackshot_edaaf8fd-d04c-4345-8b48-a5c92aed0ae8.png,https://initioparfums.com/products/side-effect,Sitio oficial Initio Parfums Privés,Cargada (imagen principal),,
PER-111,Initio Rehab,Sí,https://cdn.shopify.com/s/files/1/0583/2350/1233/files/REHAB_MasterProductPackshot_9f388441-9b6b-46c4-b64a-0f619342d822.png,https://initioparfums.com/products/rehab,Sitio oficial Initio Parfums Privés,Cargada (imagen principal),,
PER-112,Amouage Interlude Man,Sí,https://cdn.shopify.com/s/files/1/0823/5099/7796/files/INTERLUDE_MAN_100_ML.jpg,https://amouage.com/products/interlude-man-100ml,Sitio oficial Amouage,Cargada (imagen principal),,
PER-113,Amouage Reflection Man,Sí,https://cdn.shopify.com/s/files/1/0823/5099/7796/files/REFLECTION_100_ML.jpg,https://amouage.com/products/reflection-man-100ml,Sitio oficial Amouage,Cargada (imagen principal),,
PER-114,Amouage Guidance,Sí,https://cdn.shopify.com/s/files/1/0823/5099/7796/files/GUIDANCE_100_ML.jpg,https://amouage.com/products/100ml-guidance,Sitio oficial Amouage,Cargada (imagen principal),,
PER-115,Kilian Angels' Share,Sí,https://cdn.shopify.com/s/files/1/0269/7763/2389/files/Kilian_Angel_s_Share_EDP_34.png,https://www.perfumania.com/products/a-night-in-shanghai-back-to-black-aphrodisiac-eau-de-parfum-spray-unisex-by-kilian,Perfumania (distribuidor autorizado),Cargada (imagen principal),EDP; frasco + caja. Sitio oficial Kilian bloqueado (403),
PER-116,"Kilian Love, Don't Be Shy",Sí,https://www.sephora.com/productimages/sku/s2320133-main-zoom.jpg,https://www.sephora.com/product/love-don-t-be-shy-P429621,Sephora (retailer autorizado),Cargada (imagen principal),EDP; sitio oficial Kilian bloqueado (403); imagen de Sephora Shopify no pudo descargar la URL de Sephora; se subió el mismo archivo (verificado) por carga directa a Shopify.,
PER-117,Kilian Good Girl Gone Bad,Sí,https://cdn.shopify.com/s/files/1/0269/7763/2389/files/Kilian_Good_Girl_Gone_Bad_17_Box.png,https://www.perfumania.com/products/good-girl-gone-bad-perfume,Perfumania (distribuidor autorizado),Cargada (imagen principal),EDP; frasco + caja. Sitio oficial Kilian bloqueado (403),
PER-118,Nishane Hacivat,Sí,https://nishane.com/wp-content/uploads/2022/09/a-50ml-19-HACIVAT.jpg,https://nishane.com/product/hacivat/,Sitio oficial Nishane (nishane.com),Cargada (imagen principal),,
PER-119,Nishane Ani,Sí,https://nishane.com/wp-content/uploads/2022/09/a-50ml-24-ANI.jpg,https://nishane.com/product/ani/,Sitio oficial Nishane (nishane.com),Cargada (imagen principal),,
PER-120,Mancera Cedrat Boisé,Sí,https://www.manceraparfums.com/952/cedrat-boise.jpg,https://www.manceraparfums.com/en/woody/16-cedrat-boise.html,Sitio oficial Mancera (manceraparfums.com),Cargada (imagen principal),EDP 120 ml (no la versión Intense),
PER-121,Mancera Red Tobacco,Sí,https://www.manceraparfums.com/1040/red-tobacco.jpg,https://www.manceraparfums.com/en/oriental/67-red-tobacco.html,Sitio oficial Mancera (manceraparfums.com),Cargada (imagen principal),EDP (no la versión Intense),
PER-122,Mancera Instant Crush,Sí,https://www.manceraparfums.com/936/instant-crush.jpg,https://www.manceraparfums.com/en/oriental/82-instant-crush.html,Sitio oficial Mancera (manceraparfums.com),Cargada (imagen principal),EDP (no la versión Intense),
PER-123,Montale Intense Café,Sí,https://www.montaleparfums.com/879/intense-cafe.jpg,https://www.montaleparfums.com/en/gourmand/176-intense-cafe.html,Sitio oficial Montale (montaleparfums.com),Cargada (imagen principal),EDP (no Ristretto),
PER-124,Montale Arabians Tonka,Sí,https://www.montaleparfums.com/1081/arabians-tonka.jpg,https://www.montaleparfums.com/en/oriental/282-arabians-tonka.html,Sitio oficial Montale (montaleparfums.com),Cargada (imagen principal),,
PER-125,Montale Black Aoud,Sí,https://www.montaleparfums.com/707/black-aoud-noir.jpg,https://www.montaleparfums.com/en/oriental/30-black-aoud-noir.html,Sitio oficial Montale (montaleparfums.com),Cargada (imagen principal),EDP (no Black Aoud Intense),
PER-126,Louis Vuitton Imagination,No,,,,Pendiente,,Louis Vuitton solo vende en su sitio oficial (sin distribuidores autorizados) y louisvuitton.com está bloqueado por el proxy/antibot; no se pudo obtener la imagen oficial
PER-127,Louis Vuitton Ombre Nomade,No,,,,Pendiente,,Louis Vuitton solo vende en su sitio oficial (sin distribuidores autorizados) y louisvuitton.com está bloqueado por el proxy/antibot; no se pudo obtener la imagen oficial
PER-128,Maison Margiela Replica Jazz Club,Sí,https://www.maisonmargiela.com/on/demandware.static/-/Sites-margiela-master-catalog/default/dw59069019/images/large/S33YX0016_S10930_001_L.jpg,https://www.maisonmargiela.com/en-us/replica-jazz-club-eau-de-toilette-S33YX0016S10930001.html,Sitio oficial Maison Margiela (maisonmargiela.com),Cargada (imagen principal),"Replica Jazz Club EDT, etiqueta legible",
PER-129,Maison Margiela Replica By the Fireplace,Sí,https://www.maisonmargiela.com/on/demandware.static/-/Sites-margiela-master-catalog/default/dwa3b982cd/images/large/S33YX0024_S11331_961_F.jpg,https://www.maisonmargiela.com/en-us/replica-by-the-fireplace-eau-de-toilette-|-maison-margiela-S33YX0024S11331961.html,Sitio oficial Maison Margiela (maisonmargiela.com),Cargada (imagen principal),"Replica By the Fireplace EDT, etiqueta legible",
PER-130,Dior Sauvage Elixir,Sí,https://cdn.shopify.com/s/files/1/0269/7763/2389/files/Dior_SAuvage_Elixir_vaporizerspray.jpg,https://www.perfumania.com/products/sauvage-elixir-cologne-for-men,Perfumania (distribuidor autorizado),Cargada (imagen principal),Sauvage Elixir (caja legible),
PER-131,Dior Homme Intense,Sí,https://cdn.shopify.com/s/files/1/0269/7763/2389/files/Dior_Homme_Intense_34_B.jpg,https://www.perfumania.com/products/dior-homme-intense-eau-de-parfum-spray-for-men-by-dior,Perfumania (distribuidor autorizado),Cargada (imagen principal),Dior Homme Intense EDP,
PER-132,Dior Fahrenheit,Sí,https://cdn.shopify.com/s/files/1/0269/7763/2389/products/Dior-Fahrenheit-Mens-Eau-de-Toilette-Spray-6.7-Best-Price-Fragrance-Parfume-FragranceOutlet.com-Details.jpg,https://www.perfumania.com/products/fahrenheit-cologne-for-men,Perfumania (distribuidor autorizado),Cargada (imagen principal),concentración no especificada; se usó Fahrenheit EDT original,
PER-133,Chanel Allure Homme Sport,Sí,"https://www.chanel.com/images//t_one/w_0.51,h_0.51,c_crop/q_auto:good,f_auto,fl_lossy,dpr_1.1/w_620/allure-homme-sport-eau-de-toilette-spray-1-7fl-oz--packshot-default-123620-9564853731358.jpg",https://www.chanel.com/gb/fragrance/p/123620/allure-homme-sport-eau-de-toilette-spray/,Sitio oficial Chanel,Cargada (imagen principal),Concentración no especificada; se usó Eau de Toilette (original),
100 ml: PER-134; 200 ml: sin SKU,Paco Rabanne 1 Million,Sí,https://medias.rabanne.com/medias/sys_master/images/h1e/hd7/10999155687454/10999155621918/10999155621918.jpg,https://www.rabanne.com/es/es_ES/fragrance/p/1-million--000000000065051844,Sitio oficial Rabanne,Cargada (imagen principal),,
PER-135,Paco Rabanne Phantom,Sí,https://medias.rabanne.com/medias/sys_master/images/h1b/h3e/10404634361886/10404634296350/10404634296350.gif,https://www.rabanne.com/es/es_ES/fragrance/p/phantom--000000000065158923,Sitio oficial Rabanne,Cargada (imagen principal),,
PER-136,Yves Saint Laurent Y EDP,Sí,https://cdn.shopify.com/s/files/1/0269/7763/2389/files/YvesSaintLaurent_Y_EDP_33_M_B.png,https://www.perfumania.com/products/yves-saint-laurent-y-eau-de-parfum-cologne-for-men,Perfumania (distribuidor autorizado),Cargada (imagen principal),Caja indica Eau de Parfum. Sitio oficial de la marca bloqueado (403/Cloudflare) incluso con Chromium.,
PER-137,Yves Saint Laurent La Nuit de L'Homme,Sí,https://cdn.shopify.com/s/files/1/0269/7763/2389/products/Yves-Saint-Laurent-L-Homme-La-Nuit-Mens-Eau-de-Toilette-Spray-3.4-Best-Price-Fragrance-Parfume-FragranceOutlet.com-Details.jpg,https://www.perfumania.com/products/la-nuit-de-lhomme-cologne,Perfumania (distribuidor autorizado),Cargada (imagen principal),concentración no especificada en Shopify; se usó La Nuit de L'Homme Eau de Toilette original. Sitio oficial de la marca bloqueado (403/Cloudflare) incluso con Chromium.,
PER-138,Giorgio Armani Acqua di Giò Profumo,Sí,https://cdn.shopify.com/s/files/1/0269/7763/2389/products/Giorgio-Armani-Acqua-Di-Gio-Profumo-Mens-Eau-De-Parfum-EDP-Spray-2.5-oz.-Best-Price-Fragrance-Parfume-FragranceOutlet.com-DETAILS.jpg,https://www.perfumania.com/products/giorgio-armani-acqua-di-gio-profumo-eau-de-parfum-spray-for-men,Perfumania (distribuidor autorizado),Cargada (imagen principal),Caja indica Profumo Parfum. Sitio oficial de la marca bloqueado (403/Cloudflare) incluso con Chromium.,
PER-139,Emporio Armani Stronger With You Intensely,Sí,https://cdn.shopify.com/s/files/1/0269/7763/2389/files/EmporioArmani_Strongerwithyouintensley_33_M.png,https://www.perfumania.com/products/stronger-with-you-intensely-cologne-for-men,Perfumania (distribuidor autorizado),Cargada (imagen principal),Eau de Parfum. Sitio oficial de la marca bloqueado (403/Cloudflare) incluso con Chromium.,
PER-140,Armani Code,Sí,https://cdn.shopify.com/s/files/1/0269/7763/2389/files/Armani_Code_M_EDT_42_b.png,https://www.perfumania.com/products/giorgio-armani-armani-code-cologne-mens-eau-de-toilette,Perfumania (distribuidor autorizado),Cargada (imagen principal),concentración no especificada en Shopify; se usó Armani Code Eau de Toilette original (hombre). Sitio oficial de la marca bloqueado (403/Cloudflare) incluso con Chromium.,
PER-141,Prada Luna Rossa Carbon,Sí,https://cdn.shopify.com/s/files/1/0269/7763/2389/products/Prada-Luna-Rossa-Carbon-Men-Eau-de-Toilette-1_7-Best-Price-Fragrance-Parfume-FragranceOutlet_com-main_jpeg.jpg,https://www.perfumania.com/products/prada-luna-rossa-carbon-eau-de-toilette-for-men,Perfumania (distribuidor autorizado),Cargada (imagen principal),Luna Rossa Carbon EDT,
PER-142,Prada L'Homme,Sí,https://img-product.sephora.me/dw/image/v2/BKWK_PRD/on/demandware.static/-/Sites-masterCatalog_Sephora/default/dwbdf717ef/images/hi-res/alternates/PID_alternate3/PID_alternate3_891/P2629020_3.jpg,https://www.sephora.me/sa-en/p/l-homme-prada/P2629020,Sephora Medio Oriente (retailer autorizado),Cargada (imagen principal),L'Homme Prada EDT original (caja dice Eau de Toilette),
PER-143,Viktor&Rolf Spicebomb Extreme,Sí,https://cdn.shopify.com/s/files/1/1455/9562/files/model_back_vr_frag_2025_spicebomb_extreme_amazon_outerpack_90ml_3614270659706_ATF_1.jpg,https://www.viktor-rolf.com/products/spicebomb-extreme-eau-de-parfum-90ml,Sitio oficial Viktor&Rolf,Cargada (imagen principal),,
PER-144,Versace Eros Flame,Sí,https://cdn.shopify.com/s/files/1/0269/7763/2389/files/Versace_ErosFlame_EDP_34_M_B.png,https://www.perfumania.com/products/versace-eros-flame-eau-de-parfum-for-men,Perfumania (distribuidor autorizado),Cargada (imagen principal),Eros Flame EDP,
PER-145,Givenchy Gentleman EDP,Sí,https://img-product.sephora.me/dw/image/v2/BKWK_PRD/on/demandware.static/-/Sites-masterCatalog_Sephora/default/dwe3f70261/images/hi-res-SA/alternates/PID_alternate2/PID_alternate2_3610/P3275011_2.jpg,https://www.sephora.me/sa-en/p/gentleman-givenchy-eau-de-parfum/P3275011,Sephora Medio Oriente (retailer autorizado),Cargada (imagen principal),"Gentleman Eau de Parfum (2018, frasco negro); caja dice Eau de Parfum. No está en Perfumania ni en Nordstrom",
PER-146,Azzaro The Most Wanted,Sí,https://cdn.shopify.com/s/files/1/0269/7763/2389/files/Azzaro_TheMostWanted_EDTIntense.png,https://www.perfumania.com/products/azzaro-the-most-wanted-intense-eau-de-toilette,Perfumania (distribuidor autorizado),Cargada (imagen principal),"Shopify no indica concentración; notas (toffee, cardamomo, jengibre, ámbar) = The Most Wanted EDT Intense (original de la línea); azzaro.com no accesible",
PER-147,Montblanc Legend,Sí,https://www.montblanc.com/dw/image/v2/bhdb_prd/on/demandware.static/-/Sites-montblanc-master/default/dw04f2fb92/images/all-images/MB107460/77u21cECT2-UvPFV5IjifQ_ca00b9a4.png?sw=1250&q=90,https://www.montblanc.com/en-us/legend-eau-de-toilette-100-ml-MB107460.html,Sitio oficial Montblanc (montblanc.com),Cargada (imagen principal),Legend EDT (frasco + caja) montblanc.com no permite la descarga desde Shopify; se subió el mismo archivo oficial (verificado) por carga directa.,
PER-148,Burberry Hero,Sí,https://assets.burberry.com/is/image/Burberryltd/8612E57B-A2FA-40E5-8320-99349E996FB1?wid=1600&hei=1600,https://us.burberry.com/burberry-hero-eau-de-toilette-100ml-p40818661,Sitio oficial Burberry (burberry.com),Cargada (imagen principal),Concentración no especificada; se usó Hero EDT original 100 ml,
PER-149,Hermès Terre d'Hermès,Sí,https://cdn.shopify.com/s/files/1/0269/7763/2389/products/Hermes-Terre-D-Hermes-Mens-Eau-De-Toilette-Spray-EDT-S-6.7-oz.-Best-Price-Fragrance-Perfume-FragranceOutlet.com-Main.jpg,https://www.perfumania.com/products/hermes-terre-d-hermes-mens-eau-de-toilette-spray,Perfumania (distribuidor autorizado),Cargada (imagen principal),concentración no especificada; se usó Terre d'Hermès EDT original; hermes.com bloquea (Cloudflare),
PER-150,Dolce&Gabbana The One for Men EDP,Sí,https://www.dolcegabbana.com/dw/image/v2/BKDB_PRD/on/demandware.static/-/Sites-15/default/dwfc330041/images/zoom/VP2015VP245_9V000_0.jpg,https://www.dolcegabbana.com/en-us/beauty/perfumes-for-him/the-one-for-men/the-one-for-men-edp-100ml---158057971180547.html,Sitio oficial Dolce&Gabbana (dolcegabbana.com),Cargada (imagen principal),"The One for Men EDP clásico (frasco degradé negro/ámbar, 100 ml). Ojo: D&G lanzó en 2026 una nueva EDP con otro frasco; si el stock es la nueva, usar https://www.dolcegabbana.com/dw/image/v2/BKDB_PRD/on/demandware.static/-/Sites-15/default/dwdf9adcb5/images/zoom/VT031GVT000_9V000_0.jpg",
PER-151,Diesel Only The Brave,Sí,https://cdn.shopify.com/s/files/1/0269/7763/2389/products/Diesel-Only-The-Brave-Mens-Eau-de-Toilette-Spray-2.5-Best-Price-Fragrance-Parfume-FragranceOutlet.com-Main_2_d7e8cf64-6cc8-4fc3-bcd9-eb8ee909ff0e.jpg,https://www.perfumania.com/products/diesel-only-the-brave-mens-eau-de-toilette-spray,Perfumania (distribuidor autorizado),Cargada (imagen principal),Only The Brave EDT original; diesel.com no accesible,
PER-152,Mugler A*Men,Sí,https://cdn.shopify.com/s/files/1/0269/7763/2389/products/Thierry-Mugler-A-Star-Men-Mens-Eau-de-Toilette-Spray-3.4-Best-Price-Fragrance-Parfume-FragranceOutlet.com-Detail_da53d018-bded-4ed2-b587-38266653e70a.jpg,https://www.perfumania.com/products/thierry-mugler-a-star-men-mens-eau-de-toilette-spray,Perfumania (distribuidor autorizado),Cargada (imagen principal),concentración no especificada; se usó A*Men EDT original (frasco de goma recargable),
PER-153,Tom Ford Ombré Leather,Sí,https://www.tomfordbeauty.com/cdn/shop/files/tf_sku_T5Y201_2000x2000_0.png,https://www.tomfordbeauty.com/products/ombre-leather-eau-de-parfum,Sitio oficial Tom Ford Beauty (tomfordbeauty.com),Cargada (imagen principal),Concentración no especificada; se usó Ombré Leather EDP original,
PER-154,Calvin Klein CK One,Sí,https://cdn.shopify.com/s/files/1/0269/7763/2389/products/Calvin-Klein-Ck-One-Womens-Eau-de-Toilette-Spray-6.7-Best-Price-Fragrance-Parfume-FragranceOutlet.com-Main.jpg,https://www.perfumania.com/products/calvin-klein-ck-one-eau-de-toilette-unisex-fragrance,Perfumania (distribuidor autorizado),Cargada (imagen principal),concentración no especificada en Shopify; se usó CK One Eau de Toilette original. Sitio oficial de la marca bloqueado (403/Cloudflare) incluso con Chromium.,
PER-155,Chanel Coco Mademoiselle,Sí,"https://www.chanel.com/images//t_one/w_0.51,h_0.51,c_crop/q_auto:good,f_auto,fl_lossy,dpr_1.1/w_620/coco-mademoiselle-eau-de-parfum-spray-3-4fl-oz--packshot-default-116520-9564892495902.jpg",https://www.chanel.com/gb/fragrance/p/116520/coco-mademoiselle-eau-de-parfum-spray/,Sitio oficial Chanel,Cargada (imagen principal),Concentración no especificada; se usó Eau de Parfum (original),
PER-156,Chanel N°5 EDP,Sí,"https://www.chanel.com/images//t_one/w_0.51,h_0.51,c_crop/q_auto:good,f_auto,fl_lossy,dpr_1.1/w_620/n-5-eau-de-parfum-spray-3-4fl-oz--packshot-default-125530-9564912943134.jpg",https://www.chanel.com/gb/fragrance/p/125530/n5-eau-de-parfum-spray/,Sitio oficial Chanel,Cargada (imagen principal),,
PER-157,Chanel Chance Eau Tendre,Sí,"https://www.chanel.com/images//t_one/w_0.51,h_0.51,c_crop/q_auto:good,f_auto,fl_lossy,dpr_1.1/w_620/chance-eau-tendre-eau-de-toilette-spray-1-7fl-oz--packshot-default-126310-9564852125726.jpg",https://www.chanel.com/gb/fragrance/p/126310/chance-eau-tendre-eau-de-toilette-spray/,Sitio oficial Chanel,Cargada (imagen principal),Concentración no especificada; se usó Eau de Toilette (original),
PER-158,Dior Miss Dior EDP,Sí,https://cdn.shopify.com/s/files/1/0269/7763/2389/files/dior_misdior_Women_501.jpg,https://www.perfumania.com/products/dior-miss-dior-cherie-womens-eau-de-parfum-spray,Perfumania (distribuidor autorizado),Cargada (imagen principal),"Miss Dior EDP versión actual (moño plateado), etiqueta dice Eau de Parfum",
PER-159,Dior Hypnotic Poison,Sí,https://cdn.shopify.com/s/files/1/0269/7763/2389/files/Dior-Hypnotic-Poison-Womens-Eau-de-Toilette-Spray-3.4-Best-Price-Fragrance-Parfume-FragranceOutlet.com-Detail.jpg,https://www.perfumania.com/products/dior-hypnotic-poison-womens-eau-de-toilette-spray,Perfumania (distribuidor autorizado),Cargada (imagen principal),concentración no especificada; se usó Hypnotic Poison EDT original,
PER-160,Yves Saint Laurent Black Opium,Sí,https://cdn.shopify.com/s/files/1/0269/7763/2389/products/Yves-Saint-Laurent-Black-Opium-Womens-Eau-De-Parfum-EDP-Spray-3-oz.-Best-Price-Fragrance-Parfume-FragranceOutlet.com-Main.jpg,https://www.perfumania.com/products/yves-saint-laurent-black-opium-perfume-for-women,Perfumania (distribuidor autorizado),Cargada (imagen principal),concentración no especificada en Shopify; se usó Black Opium Eau de Parfum original. Sitio oficial de la marca bloqueado (403/Cloudflare) incluso con Chromium.,
PER-161,Yves Saint Laurent Mon Paris,Sí,https://cdn.shopify.com/s/files/1/0269/7763/2389/files/Yves-Saint-Laurent-Mon-Paris-Perfume-Eau-de-Paefum-Natural-Spray-1-0-oz_0212f46a-71c8-4696-96cf-a3119de0fc45.a3884529e665b4a3a5665d4373ee0ff4.webp,https://www.perfumania.com/products/mon-paris-eau-de-parfum-spray-for-women-by-yves-saint-laurent,Perfumania (distribuidor autorizado),Cargada (imagen principal),concentración no especificada en Shopify; se usó Mon Paris Eau de Parfum original. Sitio oficial de la marca bloqueado (403/Cloudflare) incluso con Chromium.,
PER-162,Giorgio Armani Sì EDP,Sí,https://cdn.shopify.com/s/files/1/0269/7763/2389/products/Giorgio-Armani-Armani-Si-Women-Eau-de-Parfume-Spray-3.4-Best-Price-Fragrance-Parfume-FragranceOutlet.com-Detail.jpg,https://www.perfumania.com/products/giorgio-armani-armani-si-women-eau-de-parfum-spray,Perfumania (distribuidor autorizado),Cargada (imagen principal),Caja indica eau de parfum. Sitio oficial de la marca bloqueado (403/Cloudflare) incluso con Chromium.,
PER-163,Prada Paradoxe,Sí,https://n.nordstrommedia.com/it/a2fd936d-5800-4c4f-8bdf-087d7bcd85ad.jpeg,https://www.nordstrom.com/s/paradoxe-eau-de-parfum/7095080,Nordstrom (retailer autorizado),Cargada (imagen principal),Paradoxe EDP (frasco + caja que dice Eau de Parfum),
PER-164,Viktor&Rolf Flowerbomb,Sí,https://cdn.shopify.com/s/files/1/1455/9562/files/model_front_Flowerbomb_100.jpg,https://www.viktor-rolf.com/products/flowerbomb-eau-de-parfum-100ml,Sitio oficial Viktor&Rolf,Cargada (imagen principal),,
PER-165,Mugler Alien,Sí,https://cdn.shopify.com/s/files/1/0269/7763/2389/products/Thierry_Mugler-Alien-Women-Eau_de_Parfum_Spray-2-Best-Price-Fragrance-Parfume-FragranceOutlet.com-DETAILS.jpg,https://www.perfumania.com/products/thierry-mugler-alien-non-refillable-womens-eau-de-parfum-spray,Perfumania (distribuidor autorizado),Cargada (imagen principal),Alien EDP (caja dice Eau de Parfum),
PER-166,Mugler Angel,Sí,https://cdn.shopify.com/s/files/1/0269/7763/2389/products/Mugler-Angel-Non-Refillable-Star-Women-Eau-de-Parfum-1.7-Best-Price-Fragrance-Parfume-FragranceOutlet.com-details.jpg,https://www.perfumania.com/products/thierry-mugler-angel-non-refillable-eau-de-parfum-spray-for-women,Perfumania (distribuidor autorizado),Cargada (imagen principal),Angel EDP (frasco estrella),
PER-167,Lancome Trésor,Sí,https://cdn.shopify.com/s/files/1/0269/7763/2389/products/Lancome-Tresor-Womens-Eau-de-Parfume-Spray-1-Best-Price-Fragrance-Parfume-FragranceOutlet.com-Details.jpg,https://www.perfumania.com/products/lancome-tresor-womens-eau-de-parfum-spray,Perfumania (distribuidor autorizado),Cargada (imagen principal),Trésor L'Eau de Parfum (caja legible),
PER-168,Gucci Bloom,Sí,https://cdn.shopify.com/s/files/1/0269/7763/2389/products/Gucci-Gucci-Bloom-Women-Eau-de-Parfum-Spray-Best-Price-Fragrance-Parfume-FragranceOutlet.com-Main_7503.jpg,https://www.perfumania.com/products/gucci-bloom-eau-de-parfum-spray-for-women-by-gucci,Perfumania (distribuidor autorizado),Cargada (imagen principal),concentración no especificada; se usó Bloom EDP original,
PER-169,Gucci Flora Gorgeous Gardenia,Sí,https://cdn.shopify.com/s/files/1/0269/7763/2389/files/gucci_Flora_Gardenia_W_3.3.jpg,https://www.perfumania.com/products/flora-gorgeous-gardenia-eau-de-parfum-spray-for-women-by-gucci,Perfumania (distribuidor autorizado),Cargada (imagen principal),Flora Gorgeous Gardenia EDP (caja legible),
PER-170,Valentino Voce Viva,Sí,https://media.ulta.com/i/ulta/2569442?w=2000&h=2000,https://www.ulta.com/p/voce-viva-eau-de-parfum-pimprod2017833?sku=2569442,Ulta Beauty (retailer autorizado),Cargada (imagen principal),concentración no especificada en Shopify; se usó Voce Viva Eau de Parfum original. Ulta en vez de Perfumania (Perfumania <800 px). Sitio oficial de la marca bloqueado (403/Cloudflare) incluso con Chromium.,
PER-171,Marc Jacobs Daisy,Sí,https://cdn.shopify.com/s/files/1/0269/7763/2389/products/Marc-Jacobs-Daisy-Womens-Eau-de-Toilette-Spray-3.4-Best-Price-Fragrance-Parfume-FragranceOutlet.com-Main.jpg,https://www.perfumania.com/products/marc-jacobs-daisy-perfume-womens-eau-de-toilette,Perfumania (distribuidor autorizado),Cargada (imagen principal),Daisy EDT original; marcjacobs.com bloquea (403),
PER-172,Burberry Her,Sí,https://assets.burberry.com/is/image/Burberryltd/170DBE43-9B00-40B1-A766-F1482E6F263D?wid=1600&hei=1600,https://us.burberry.com/her-eau-de-parfum-100ml-p40804591,Sitio oficial Burberry (burberry.com),Cargada (imagen principal),Concentración no especificada; se usó Her EDP original 100 ml,
PER-173,Givenchy L'Interdit EDP,Sí,https://n.nordstrommedia.com/it/07717142-bbd4-4a0d-a05c-642768317fed.jpeg,https://www.nordstrom.com/s/givenchy-linterdit-eau-de-parfum/5208874,Nordstrom (retailer autorizado),Cargada (imagen principal),L'Interdit EDP,
PER-174,Chloé EDP,Sí,https://cdn.shopify.com/s/files/1/0269/7763/2389/products/Chloe-Chloe-Women-Eau-de-Parfume-Spray-2.5-Best-Price-Fragrance-Parfume-FragranceOutlet.com-Main.jpg,https://www.perfumania.com/products/chloe-chloe-women-eau-de-parfum-spray,Perfumania (distribuidor autorizado),Cargada (imagen principal),Chloé EDP signature; chloe.com no accesible,
PER-175,Narciso Rodriguez For Her EDP,Sí,https://cdn.shopify.com/s/files/1/0853/1863/1748/files/Narciso_Rodriguez_For_Her_Eau_de_Parfum_Spray_50ml.png?v=1739792997,https://escentual.com/products/narciso-rodriguez-for-her-eau-de-parfum-spray,Escentual (retailer autorizado UK),Cargada (imagen principal),For Her EDP (frasco rosa); imagen oficial de narcisorodriguez.com solo 538 px,
PER-176,Jean Paul Gaultier La Belle,Sí,https://medias.jeanpaulgaultier.com/medias/sys_master/images/h48/h68/9908802781214/9908802715678/9908802715678.png,https://www.jeanpaulgaultier.com/uk/en/p/range-la-belle/la-belle-eau-de-parfum-000000000065132212,Sitio oficial Jean Paul Gaultier (jeanpaulgaultier.com),Cargada (imagen principal),,
PER-177,Ariana Grande Cloud,Sí,https://cdn.shopify.com/s/files/1/0949/7319/8654/files/cloud.webp,https://arianagrandefragrances.com/products/cloud,Sitio oficial Ariana Grande Fragrances,Cargada (imagen principal),,
PER-178,Burberry Goddess,Sí,https://assets.burberry.com/is/image/Burberryltd/69BD3315-EAFC-4CCB-9DA0-81C0D1F2D33D?wid=1600&hei=1600,https://us.burberry.com/burberry-goddess-eau-de-parfum-for-women-100ml-p40835981,Sitio oficial Burberry (burberry.com),Cargada (imagen principal),Concentración no especificada; se usó Goddess EDP original 100 ml,
PER-179,Tom Ford Black Orchid,Sí,https://cdn.shopify.com/s/files/1/0761/9690/5173/files/tfb_sku_T00501_2000x2000_0.png,https://www.tomfordbeauty.com/products/black-orchid-eau-de-parfum,Sitio oficial Tom Ford Beauty,Cargada (imagen principal),,
sin SKU,Armaf Odyssey Homme,Sí,https://cdn.shopify.com/s/files/1/0559/7921/2972/products/TCB_4870_1.jpg,https://armafperfume.com/products/armaf_odyssey_homme_black_eau_de_parfum_for_men_100ml,Sitio oficial Armaf (armafperfume.com),Cargada (imagen principal),,
sin SKU,Armaf Odyssey Homme White Edition,Sí,https://cdn.shopify.com/s/files/1/0875/1513/6299/files/200ml.jpg?v=1744398252,https://armaf.com/products/odyssey-homme-white-edition,Sitio oficial Armaf US (armaf.com),Cargada (imagen principal),"Odyssey Homme White Edition EDP (imagen del frasco 200 ml, mismo diseño)",
sin SKU,Armaf Odyssey Homme Limited Edition,No,,,,Pendiente,,"No existe en los sitios oficiales de Armaf (armaf.com, armaf.ae, armafperfume.com) un ""Odyssey Homme Limited Edition""; la caja del Odyssey Homme negro no dice ""Limited Edition"". Confirmar con el comerciante qué edición es"
sin SKU,Armaf Odyssey Aqua,Sí,https://cdn.shopify.com/s/files/1/0559/7921/2972/files/Odyssey-Aqua-group.jpg,https://armafperfume.com/products/armaf-odyssey-aqua-eau-de-parfum-for-men-100ml,Sitio oficial Armaf (armafperfume.com),Cargada (imagen principal),,
sin SKU,Armaf Odyssey Spectra,Sí,https://cdn.shopify.com/s/files/1/0559/7921/2972/files/Spectra-Group-2.jpg,https://armafperfume.com/products/armaf-odyssey-spectra-eau-de-parfum-100ml-rainbow-edition,Sitio oficial Armaf (armafperfume.com),Cargada (imagen principal),,
sin SKU,Armaf Odyssey Dubai Chocolat,Sí,https://cdn.shopify.com/s/files/1/0559/7921/2972/files/Chocolat--Gourmand-edition-100-ml-edp-Group.jpg,https://armafperfume.com/products/armaf-odyssey-dubai-chocolat-edp-100ml,Sitio oficial Armaf (armafperfume.com),Cargada (imagen principal),,
sin SKU,Armaf Odyssey Candee,Sí,https://cdn.shopify.com/s/files/1/0559/7921/2972/files/Candee-BottleFrontAngle.jpg,https://armafperfume.com/products/armaf-odyssey-candee-eau-de-parfum-for-women-100ml-special-edition,Sitio oficial Armaf (armafperfume.com),Cargada (imagen principal),,
sin SKU,Armaf Odyssey Mega,Sí,https://cdn.shopify.com/s/files/1/0559/7921/2972/files/PERGWDZ9UWDY7DDZ_1.png,https://armafperfume.com/products/armaf-odyssey-mega-men-perfume-100ml-eau-de-parfum,Sitio oficial Armaf (armafperfume.com),Cargada (imagen principal),,
sin SKU,Armaf Odyssey Limoni,Sí,https://cdn.shopify.com/s/files/1/0559/7921/2972/files/odyssey-Limoni-Group.jpg,https://armafperfume.com/products/armaf-odyssey-limoni-edp-100ml-fresh-edition,Sitio oficial Armaf (armafperfume.com),Cargada (imagen principal),,
sin SKU,Armaf Odyssey Tyrant,Sí,https://cdn.shopify.com/s/files/1/0559/7921/2972/files/Odyssey-Tyrant-group.jpg,https://armafperfume.com/products/armaf-odyssey-tyrant-eau-de-parfum-for-men-100ml,Sitio oficial Armaf (armafperfume.com),Cargada (imagen principal),,
sin SKU,Armaf Odyssey Mandarin Sky Elixir,Sí,https://cdn.shopify.com/s/files/1/0559/7921/2972/files/3_7a73ce70-4abe-4b14-bb70-bc57d9f46230.png,https://armafperfume.com/products/armaf-odyssey-mandarin-sky-elixir-limited-edition-eau-de-parfum-edp-100ml,Sitio oficial Armaf (armafperfume.com),Cargada (imagen principal),,
sin SKU,Armaf Odyssey Mandarin Sky Vintage Edition,Sí,https://cdn.shopify.com/s/files/1/0559/7921/2972/files/3_ed6d6784-9eb2-4c62-850a-3e83fbaddbfa.png,https://armafperfume.com/products/armaf-odyssey-mandarin-sky-vintage-edition-eau-de-parfum-edp-100ml,Sitio oficial Armaf (armafperfume.com),Cargada (imagen principal),,
sin SKU,Armaf Odyssey Spectra Blue Edition,Sí,https://cdn.shopify.com/s/files/1/0875/1513/6299/files/ODYSSEYSPECTRABLUEEDITION2_2fa3fe1f-b29a-4e52-a351-86ab93535257.png?v=1767892219,https://armaf.com/products/odyssey-spectra-blue-edition,Sitio oficial Armaf US (armaf.com),Cargada (imagen principal),Odyssey Spectra Blue Edition EDP (frasco azul rayado),
sin SKU,Armaf Odyssey Artisto,Sí,https://cdn.shopify.com/s/files/1/0875/1513/6299/files/ODYSSEYARTISTO2_f490a3fd-b87b-4f1d-9926-656cc50fb12e.png?v=1767893651,https://armaf.com/products/odyssey-artisto,Sitio oficial Armaf US (armaf.com),Cargada (imagen principal),Odyssey Artisto EDP (frasco rojo),
sin SKU,Armaf Odyssey Go Mango,Sí,https://cdn.shopify.com/s/files/1/0559/7921/2972/files/32_16e2e956-5302-42fd-9fce-411440ab29aa.png,https://armafperfume.com/products/armaf-odyssey-go-mango-edp-100ml,Sitio oficial Armaf (armafperfume.com),Cargada (imagen principal),,
sin SKU,Armaf Odyssey Marshmallow,Sí,https://cdn.shopify.com/s/files/1/0559/7921/2972/files/Marshmallow--Gourmand-Edition-100-ml-group.jpg,https://armafperfume.com/products/armaf-odyssey-marshmallow-edp-100ml,Sitio oficial Armaf (armafperfume.com),Cargada (imagen principal),,
sin SKU,Armaf Odyssey Soda Pop,Sí,https://cdn.shopify.com/s/files/1/0559/7921/2972/files/3_d75e50d5-39cc-4049-893b-883fa7fa9030.png,https://armafperfume.com/products/armaf-odyssey-soda-pop-edp-100ml,Sitio oficial Armaf (armafperfume.com),Cargada (imagen principal),,
sin SKU,Armaf Odyssey Aoud,Sí,https://cdn.shopify.com/s/files/1/0559/7921/2972/files/Odyssey-Aoud-group.jpg,https://armafperfume.com/products/armaf-odyssey-aoud-perfume-for-men-100ml-eau-de-parfum,Sitio oficial Armaf (armafperfume.com),Cargada (imagen principal),,
sin SKU,Armaf Odyssey Wild One Gold Edition,Sí,https://cdn.shopify.com/s/files/1/0536/1523/1153/files/WildOne1_0d2192bf-b2bf-4c4d-bc6a-96ee8c48ed9e.jpg?v=1784547355,https://www.armaf.ae/products/odyssey-wild-one-gold-edition,Sitio oficial Armaf UAE (armaf.ae),Cargada (imagen principal),Odyssey Wild One Gold Edition EDP; imagen oficial de 756 px (máxima disponible),
sin SKU,Rasasi Hawas Ice,Sí,https://cdn.shopify.com/s/files/1/0670/2940/1841/files/Hawas_Ice_1.jpg,https://www.rasasistore.com/products/hawas-ice,Tienda online oficial Rasasi (rasasistore.com),Cargada (imagen principal),,
sin SKU,Rasasi Hawas Fire,Sí,https://cdn.shopify.com/s/files/1/0670/2940/1841/files/Hawas_Fire4.jpg,https://www.rasasistore.com/products/hawas-fire,Tienda online oficial Rasasi (rasasistore.com),Cargada (imagen principal),,
sin SKU,Rasasi Hawas Black,Sí,https://cdn.shopify.com/s/files/1/0269/7763/2389/files/rasasi-hawas-black-eau-de-parfum.jpg,https://www.perfumania.com/products/hawas-black-cologne,Perfumania (distribuidor autorizado),Cargada (imagen principal),Sin ficha en tiendas oficiales Rasasi; imagen de Perfumania,
sin SKU,Rasasi Hawas Elixir,No,,,,Pendiente,,"No figura en rasasistore.com, rasasi.com ni Perfumania; solo aparece en revendedores no autorizados"
sin SKU,Rasasi Hawas Kobra,Sí,https://cdn.shopify.com/s/files/1/0269/7763/2389/files/Rasasi_Hawas_M_Kobra_EDP_34.png,https://www.perfumania.com/products/hawas-kobra-cologne-for-men,Perfumania (distribuidor autorizado),Cargada (imagen principal),Sin ficha en tiendas oficiales Rasasi; imagen de Perfumania (frasco + caja),
sin SKU,Rasasi Hawas Viper,Sí,https://cdn.shopify.com/s/files/1/0670/2940/1841/files/1.1_Hawas_Viper_bcbc3a12-4ca9-4a08-b21b-ba54adbb96c3.jpg,https://www.rasasistore.com/products/hawas-viper-for-him,Tienda online oficial Rasasi (rasasistore.com),Cargada (imagen principal),,
sin SKU,Rasasi Hawas Sapphire,Sí,https://cdn.shopify.com/s/files/1/0670/2940/1841/files/1_e40478d6-9015-487b-927f-c2ca3add5934.jpg,https://www.rasasistore.com/products/hawas-sapphire,Tienda online oficial Rasasi (rasasistore.com),Cargada (imagen principal),"Única versión publicada por Rasasi: Hawas Sapphire ""FBfragrances Edition""",
sin SKU,Rasasi Hawas Atlantis,Sí,https://cdn.shopify.com/s/files/1/0670/2940/1841/files/1.1HawasAtlantis.jpg,https://www.rasasistore.com/products/hawas-atlantis-for-him,Tienda online oficial Rasasi (rasasistore.com),Cargada (imagen principal),,
sin SKU,Rasasi Hawas Pink,Sí,https://cdn.shopify.com/s/files/1/0670/2940/1841/files/Frame_1618872832.png,https://www.rasasistore.com/products/hawas-pink,Tienda online oficial Rasasi (rasasistore.com),Cargada (imagen principal),,
sin SKU,Rasasi Hawas Diva,No,,,,Pendiente,,"No figura en rasasistore.com, rasasi.com ni Perfumania; solo aparece en revendedores no autorizados"
sin SKU,Rasasi Hawas for Her,Sí,https://cdn.shopify.com/s/files/1/0670/2940/1841/files/Hawas_Her_1.jpg,https://www.rasasistore.com/products/hawas-for-her,Tienda online oficial Rasasi (rasasistore.com),Cargada (imagen principal),Hawas for Her EDP original (no Eclat),
sin SKU,Rasasi Hawas for Her Eclat,No,,,,Pendiente,,"No figura en rasasistore.com, rasasi.com ni Perfumania; no se halló fuente oficial/autorizada"
sin SKU,Rasasi Hawas Thunder,No,,,,Pendiente,,"Lanzamiento 2026; no figura en rasasistore.com, rasasi.com ni Perfumania; solo revendedores no autorizados"
sin SKU,Higginess,No,,,,Pendiente,,"Marca ""A confirmar"" y nombre genérico; la descripción no identifica marca ni perfume (varias casas árabes usan ese nombre). Confirmar marca con el comerciante"
sin SKU,London,No,,,,Pendiente,,"Marca ""A confirmar"" y nombre genérico; la descripción no identifica marca ni perfume (varias casas árabes usan ese nombre). Confirmar marca con el comerciante"
sin SKU,Lava Gold,No,,,,Pendiente,,"Marca ""A confirmar"" y nombre genérico; la descripción no identifica marca ni perfume (varias casas árabes usan ese nombre). Confirmar marca con el comerciante"
sin SKU,Overdose,No,,,,Pendiente,,"Marca ""A confirmar"" y nombre genérico; la descripción no identifica marca ni perfume (varias casas árabes usan ese nombre). Confirmar marca con el comerciante"
sin SKU,Exotic,No,,,,Pendiente,,"Marca ""A confirmar"" y nombre genérico; la descripción no identifica marca ni perfume (varias casas árabes usan ese nombre). Confirmar marca con el comerciante"
sin SKU,Glitz,No,,,,Pendiente,,"Marca ""A confirmar"" y nombre genérico; la descripción no identifica marca ni perfume (varias casas árabes usan ese nombre). Confirmar marca con el comerciante"
sin SKU,Alpha for Him,No,,,,Pendiente,,"Marca ""A confirmar"" y nombre genérico; la descripción no identifica marca ni perfume (varias casas árabes usan ese nombre). Confirmar marca con el comerciante"
sin SKU,Lattafa Asad,Sí,https://cdn.shopify.com/s/files/1/0754/4936/8799/files/Asad-2_5648df5a-3865-4d87-b7f7-b89f81aab2af.png,https://lattafa-usa.com/products/asad,"Lattafa USA (lattafa-usa.com), distribuidor de la marca",Cargada (imagen principal),,
sin SKU,Lattafa Asad Elixir,Sí,https://cdn.shopify.com/s/files/1/0754/4936/8799/files/ASADELIXIRBOTTLE_2.png,https://lattafa-usa.com/products/asad-elixir,"Lattafa USA (lattafa-usa.com), distribuidor de la marca",Cargada (imagen principal),,
sin SKU,Lattafa Asad Bourbon,Sí,https://cdn.shopify.com/s/files/1/0269/7763/2389/files/Lataffa_Asad_bourbon_m_34.png,https://www.perfumania.com/products/lattafa-asad-bourbon-cologne-eau-de-parfum-for-men,Perfumania (distribuidor autorizado),Cargada (imagen principal),Asad Bourbon EDP; lattafa-usa.com solo tiene el gift set,
sin SKU,Lattafa Asad Zanzibar,Sí,https://cdn.shopify.com/s/files/1/0754/4936/8799/files/Asad-Zanzibar-2_a5f0e8dc-41a1-4f7a-ba47-15e29394ba05.png,https://lattafa-usa.com/products/asad-zanzibar,"Lattafa USA (lattafa-usa.com), distribuidor de la marca",Cargada (imagen principal),,
sin SKU,Lattafa Yara,Sí,https://cdn.shopify.com/s/files/1/0754/4936/8799/files/2_c8edbe08-b556-46ce-b197-6c42938372a8.png,https://lattafa-usa.com/products/yara,"Lattafa USA (lattafa-usa.com), distribuidor de la marca",Cargada (imagen principal),,
sin SKU,Lattafa Yara Moi,Sí,https://cdn.shopify.com/s/files/1/0754/4936/8799/files/Yara-Moi-2_edf87f97-4ec0-44e3-b553-c6cf006e921c.png,https://lattafa-usa.com/products/yara-moi,"Lattafa USA (lattafa-usa.com), distribuidor de la marca",Cargada (imagen principal),,
sin SKU,Lattafa Yara Tous,Sí,https://cdn.shopify.com/s/files/1/0754/4936/8799/files/2_9c54476c-b1d0-45ed-9bc9-f9f0e7678e56.png,https://lattafa-usa.com/products/yara-tous,"Lattafa USA (lattafa-usa.com), distribuidor de la marca",Cargada (imagen principal),,
sin SKU,Lattafa Yara Candy,Sí,https://cdn.shopify.com/s/files/1/0754/4936/8799/files/Yara-Candy-2_ce1515d9-9405-4151-b4ba-079849346226.png,https://lattafa-usa.com/products/yara-candy,"Lattafa USA (lattafa-usa.com), distribuidor de la marca",Cargada (imagen principal),,
sin SKU,Lattafa Yara Elixir,Sí,https://cdn.shopify.com/s/files/1/0754/4936/8799/files/YaraElixirBottlebox.png,https://lattafa-usa.com/products/yara-elixir,"Lattafa USA (lattafa-usa.com), distribuidor de la marca",Cargada (imagen principal),,
sin SKU,Ralph Lauren Polo Blue Parfum,Sí,https://cdn.shopify.com/s/files/1/0269/7763/2389/files/poloblue.webp,https://www.perfumania.com/products/ralph-lauren-polo-blue-parfum-for-men,Perfumania (distribuidor autorizado),Cargada (imagen principal),Caja indica Parfum. Sitio oficial de la marca bloqueado (403/Cloudflare) incluso con Chromium.,
sin SKU,Ralph Lauren Polo Deep Blue Parfum,Sí,https://cdn.shopify.com/s/files/1/0269/7763/2389/files/Polo_DeepBlue_Parfum_42.jpg,https://www.perfumania.com/products/polo-deep-blue-by-ralph-lauren-for-men-parfum-spray,Perfumania (distribuidor autorizado),Cargada (imagen principal),Frasco indica Parfum. Sitio oficial de la marca bloqueado (403/Cloudflare) incluso con Chromium.,
sin SKU,Ralph Lauren Polo Black EDT,Sí,https://cdn.shopify.com/s/files/1/0269/7763/2389/products/Ralph-Lauren-Polo-Black-Mens-Eau-de-Toilette-Spray-6.7-Best-Price-Fragrance-Parfume-FragranceOutlet.com-Details.jpg,https://www.perfumania.com/products/ralph-lauren-polo-black-cologne-mens-eau-de-toilette,Perfumania (distribuidor autorizado),Cargada (imagen principal),Caja indica Eau de Toilette. Sitio oficial de la marca bloqueado (403/Cloudflare) incluso con Chromium.,
sin SKU,Carolina Herrera Bad Boy Cobalt,Sí,https://medias.carolinaherrera.com/medias/sys_master/images/h88/h82/10996536442910/10996536377374/10996536377374.jpg,https://www.carolinaherrera.com/ww/en/p-fragrance/badboy-cobalt,Sitio oficial Carolina Herrera,Cargada (imagen principal),,
100 ml: sin SKU; 200 ml: sin SKU,Carolina Herrera 212 VIP Black Elixir,Sí,https://medias.carolinaherrera.com/medias/sys_master/images/h78/h8e/10972355461150/10972355428382/10972355428382.jpg,https://www.carolinaherrera.com/ww/en/p-fragrance/212-vip-black-elixir,Sitio oficial Carolina Herrera,Cargada (imagen principal),,
sin SKU,Dolce & Gabbana Light Blue Pour Homme,Sí,https://www.dolcegabbana.com/dw/image/v2/BKDB_PRD/on/demandware.static/-/Sites-15/default/dw3d67d23d/images/zoom/VT01CPVT000_9V000_0.jpg,https://www.dolcegabbana.com/en-us/beauty/perfumes-for-him/light-blue-pour-homme/light-blue-pour-homme-eau-de-toilette---VT01CPVT0009V000.html,Sitio oficial Dolce&Gabbana (dolcegabbana.com),Cargada (imagen principal),Light Blue Pour Homme EDT,
sin SKU,Dolce & Gabbana The One for Men EDT,Sí,https://www.dolcegabbana.com/dw/image/v2/BKDB_PRD/on/demandware.static/-/Sites-15/default/dw877062d5/images/zoom/VP6491VP107_9V000_0.jpg,https://www.dolcegabbana.com/en-us/beauty/perfumes-for-him/the-one-for-men/the-one-for-men-eau-de-toilette---VP6491VP1079V000.html,Sitio oficial Dolce&Gabbana (dolcegabbana.com),Cargada (imagen principal),The One for Men EDT,
sin SKU,Dolce & Gabbana The One for Men EDP,Sí,https://www.dolcegabbana.com/dw/image/v2/BKDB_PRD/on/demandware.static/-/Sites-15/default/dwfc330041/images/zoom/VP2015VP245_9V000_0.jpg,https://www.dolcegabbana.com/en-us/beauty/perfumes-for-him/the-one-for-men/the-one-for-men-edp-100ml---158057971180547.html,Sitio oficial Dolce&Gabbana (dolcegabbana.com),Cargada (imagen principal),"Duplicado de dolce-gabbana-the-one-for-men-edp. The One for Men EDP clásico (frasco degradé negro/ámbar, 100 ml). Ojo: D&G lanzó en 2026 una nueva EDP con otro frasco; si el stock es la nueva, usar https://www.dolcegabbana.com/dw/image/v2/BKDB_PRD/on/demandware.static/-/Sites-15/default/dwdf9adcb5/images/zoom/VT031GVT000_9V000_0.jpg",
sin SKU,Giorgio Armani Acqua di Giò Profondo EDP,Sí,https://cdn.shopify.com/s/files/1/0269/7763/2389/files/GiorgioArmani_AcquadiGioPorfondo_EDP_34_M.png,https://www.perfumania.com/products/acqua-di-gio-profondo-by-giorgio-armani-for-men-edp-spray,Perfumania (distribuidor autorizado),Cargada (imagen principal),Frasco indica Eau de Parfum. Sitio oficial de la marca bloqueado (403/Cloudflare) incluso con Chromium.,
sin SKU,Valentino Born in Roma Uomo Intense,Sí,https://cdn.shopify.com/s/files/1/0269/7763/2389/files/val.webp,https://www.perfumania.com/products/uomo-intense-by-valentino-for-men-eau-de-parfum-spray,Perfumania (distribuidor autorizado),Cargada (imagen principal),Eau de Parfum Intense. Sitio oficial de la marca bloqueado (403/Cloudflare) incluso con Chromium.,
sin SKU,Giorgio Armani Stronger With You EDT,Sí,https://cdn.shopify.com/s/files/1/0269/7763/2389/products/Armani-Stronger_with_you-Men-Eau_de_Toilette-3.4-Best-Price-Fragrance-Parfume-FragranceOutlet.com-MAIN.jpg,https://www.perfumania.com/products/giorgio-armani-stronger-with-you-cologne-eau-de-toilette-for-men,Perfumania (distribuidor autorizado),Cargada (imagen principal),Eau de Toilette. Sitio oficial de la marca bloqueado (403/Cloudflare) incluso con Chromium.,
sin SKU,Giorgio Armani Stronger With You Parfum,Sí,https://media.ulta.com/i/ulta/2636384?w=2000&h=2000,https://www.ulta.com/p/emporio-armani-stronger-with-you-parfum-pimprod2050558?sku=2636384,Ulta Beauty (retailer autorizado),Cargada (imagen principal),Frasco indica Parfum; no está en el catálogo de Perfumania. Sitio oficial de la marca bloqueado (403/Cloudflare) incluso con Chromium.,
sin SKU,Paco Rabanne 1 Million Black EDP,Sí,https://medias.rabanne.com/medias/sys_master/images/h52/hbc/10993252302878/10993252237342/10993252237342.jpg,https://www.rabanne.com/es/es_ES/fragrance/p/1-million-black--000000000065246127,Sitio oficial Rabanne,Cargada (imagen principal),,
sin SKU,Paco Rabanne 1 Million Elixir Parfum Intense,Sí,https://medias.rabanne.com/medias/sys_master/images/h48/h39/10732231393310/10732231327774/10732231327774.jpg,https://www.rabanne.com/es/es_ES/fragrance/p/1-million-elixir--000000000065177272,Sitio oficial Rabanne,Cargada (imagen principal),,
sin SKU,Paco Rabanne 1 Million Golden Oud Parfum,Sí,https://medias.rabanne.com/medias/sys_master/images/h88/h83/10732255281182/10732255150110/10732255150110.jpg,https://www.rabanne.com/es/es_ES/fragrance/p/1-million-golden-oud--000000000065193253,Sitio oficial Rabanne,Cargada (imagen principal),,
sin SKU,Versace Eros EDP,Sí,https://cdn.shopify.com/s/files/1/0269/7763/2389/files/Versace_Eros_EDP_34_M_B.png,https://www.perfumania.com/products/versace-eros-cologne-eau-de-parfum-for-men,Perfumania (distribuidor autorizado),Cargada (imagen principal),Eros EDP (caja dice Eau de Parfum),
sin SKU,Yves Saint Laurent Y Le Parfum,Sí,https://cdn.shopify.com/s/files/1/0269/7763/2389/files/3614274266818.webp,https://www.perfumania.com/products/yves-saint-laurent-y-le-parfum-for-men,Perfumania (distribuidor autorizado),Cargada (imagen principal),Y Le Parfum. Sitio oficial de la marca bloqueado (403/Cloudflare) incluso con Chromium.,
60 ml: sin SKU; 100 ml: sin SKU,Yves Saint Laurent MYSLF L'Absolu,Sí,https://cdn.shopify.com/s/files/1/0269/7763/2389/files/YSL_Myslf_LAbsolu_Parfum_34.png,https://www.perfumania.com/products/myslf-labsolu-cologne,Perfumania (distribuidor autorizado),Cargada (imagen principal),Caja indica L'Absolu Parfum. Sitio oficial de la marca bloqueado (403/Cloudflare) incluso con Chromium.,
sin SKU,Lacoste Bleu EDP,Sí,https://cdn.shopify.com/s/files/1/0853/1863/1748/files/LacosteL.12.12BleuEaudeParfumSpray100ml.png?v=1779280412,https://escentual.com/products/lacoste-l-12-12-bleu-eau-de-parfum,Escentual (retailer autorizado UK),Cargada (imagen principal),Lacoste L.12.12 Bleu EDP (2026); lacoste.com bloquea (403),
sin SKU,Issey Miyake L'Eau d'Issey pour Homme EDP,Sí,https://www.isseymiyakeparfums.com/dw/image/v2/BCMQ_PRD/on/demandware.static/-/Sites-itemmaster_isseymiyake/default/dw275fcb90/Packshot/eau-issey-homme-parfum-pack.png?sw=800&sh=800&sm=cut&sfrm=png&q=100,https://www.isseymiyakeparfums.com/en/issey-miyake-l%E2%80%99eau-d%E2%80%99issey-pour-homme-eau-de-parfum-EIH_EDP.html,Sitio oficial Issey Miyake Parfums (isseymiyakeparfums.com),Cargada (imagen principal),L'Eau d'Issey pour Homme EDP (2025),
sin SKU,Jean Paul Gaultier Le Male In Blue,Sí,https://medias.jeanpaulgaultier.com/medias/sys_master/images/he7/h0a/10750108401694/10750108336158/10750108336158.png,https://www.jeanpaulgaultier.com/uk/en/p/range-le-male/le-male-in-blue-eau-de-parfum-000000000065227873,Sitio oficial Jean Paul Gaultier (jeanpaulgaultier.com),Cargada (imagen principal),,
sin SKU,Jean Paul Gaultier Le Beau Paradise Garden,Sí,https://medias.jeanpaulgaultier.com/medias/sys_master/images/h50/ha9/9858852257822/9858852192286/9858852192286.png,https://www.jeanpaulgaultier.com/uk/en/p/range-le-beau/le-beau-paradise-garden-eau-de-parfum-000000000065199801,Sitio oficial Jean Paul Gaultier (jeanpaulgaultier.com),Cargada (imagen principal),,
sin SKU,Jean Paul Gaultier Scandal Pour Homme Absolu,Sí,https://medias.jeanpaulgaultier.com/medias/sys_master/images/h48/h33/9925827100702/9925827035166/9925827035166.png,https://www.jeanpaulgaultier.com/uk/en/p/range-scandal-pour-homme/scandal-pour-homme-absolu-parfum-concentre-000000000065189839,Sitio oficial Jean Paul Gaultier (jeanpaulgaultier.com),Cargada (imagen principal),,
sin SKU,Jean Paul Gaultier Scandal Pour Homme Le Parfum,Sí,https://medias.jeanpaulgaultier.com/medias/sys_master/images/h2c/h79/9548151652382/9548151586846/9548151586846.png,https://www.jeanpaulgaultier.com/uk/en/p/range-scandal-pour-homme/scandal-pour-homme-le-parfum-eau-de-parfum-intense-000000000065182477,Sitio oficial Jean Paul Gaultier (jeanpaulgaultier.com),Cargada (imagen principal),,
sin SKU,Jimmy Choo Man Parfum,Sí,https://cdn.shopify.com/s/files/1/0853/1863/1748/files/JimmyChooManParfumSpray100ml.png?v=1773142862,https://escentual.com/products/jimmy-choo-man-parfum,Escentual (retailer autorizado UK),Cargada (imagen principal),Jimmy Choo Man Parfum (frasco dorado); jimmychoo.com bloquea (403),
sin SKU,Bvlgari Man EDP,No,,,,Pendiente,,"Título ambiguo: ""Bvlgari Man EDP"" no identifica la fragancia (Man in Black, Wood Essence, Rain Essence, Glacial/Terrae Essence son todas EDP); no existe un ""Bvlgari Man"" EDP genérico. Confirmar cuál es."
sin SKU,Bvlgari Man Parfum,No,,,,Pendiente,,"Título ambiguo: ""Bvlgari Man Parfum"" puede ser Man in Black Parfum o Man Wood Essence Parfum, entre otros. Confirmar cuál es."
sin SKU,Yves Saint Laurent Libre Flowers & Flames EDP,Sí,https://media.ulta.com/i/ulta/2628281?w=2000&h=2000,https://www.ulta.com/p/libre-flower-flames-eau-de-parfum-florale-pimprod2045994?sku=2628281,Ulta Beauty (retailer autorizado),Cargada (imagen principal),Eau de Parfum Florale; caja verificada en la misma página de Ulta. Sitio oficial de la marca bloqueado (403/Cloudflare) incluso con Chromium.,
sin SKU,Yves Saint Laurent Libre L'Eau Nue Parfum,Sí,https://media.ulta.com/i/ulta/2636110?w=2000&h=2000,https://www.ulta.com/p/libre-leau-nue-parfum-pimprod2050865?sku=2636110,Ulta Beauty (retailer autorizado),Cargada (imagen principal),Libre L'Eau Nue Parfum (sin alcohol). Sitio oficial de la marca bloqueado (403/Cloudflare) incluso con Chromium.,
sin SKU,Givenchy L'Interdit Elixir,Sí,https://n.nordstrommedia.com/it/4c5513c0-0617-483e-9fb5-4f010a914d9f.jpeg,https://www.nordstrom.com/s/givenchy-lint-elixir-26-80ml/9205567,Nordstrom (retailer autorizado),Cargada (imagen principal),L'Interdit Elixir Parfum (etiqueta legible),
sin SKU,Narciso Rodriguez Pure Musc Blanc EDP,Sí,https://cdn.shopify.com/s/files/1/0853/1863/1748/files/NarcisoRodriguezForHerPureMuscBlancEaudeParfumIntense100ml.png?v=1770998559,https://escentual.com/products/narciso-rodriguez-for-her-pure-musc-blanc-eau-de-parfum-intense,Escentual (retailer autorizado UK),Cargada (imagen principal),For Her Pure Musc Blanc EDP Intense (no confundir con Pure Musc),
sin SKU,Paco Rabanne Million Red Parfum,Sí,https://medias.rabanne.com/medias/sys_master/images/hab/hd6/10999163781150/10999163715614/10999163715614.jpg,https://www.rabanne.com/us/en_US/fragrance/p/million-red-for-her--000000000065229934,Sitio oficial Rabanne (rabanne.com),Cargada (imagen principal),Million Red for Her Parfum,
sin SKU,Paco Rabanne Olympéa Absolu,Sí,https://medias.rabanne.com/medias/sys_master/images/h7d/hb3/10779229126686/10779229061150/10779229061150.jpg,https://www.rabanne.com/es/es_ES/fragrance/p/olympea-absolu--000000000065215201,Sitio oficial Rabanne,Cargada (imagen principal),,
sin SKU,Giorgio Armani Code Femme EDP,Sí,https://media.ulta.com/i/ulta/2127357?w=2000&h=2000,https://www.ulta.com/p/armani-code-women-eau-de-parfum-VP11384?sku=2127357,Ulta Beauty (retailer autorizado),Cargada (imagen principal),Armani Code for Women EDP; caja 'eau de parfum' verificada en la misma página de Ulta; no está en Perfumania. Sitio oficial de la marca bloqueado (403/Cloudflare) incluso con Chromium.,
sin SKU,Calvin Klein Euphoria Magnetic Elixir,Sí,https://media.ulta.com/i/ulta/2652820?w=2000&h=2000,https://www.ulta.com/p/euphoria-magnetic-elixir-parfum-intense-pimprod2057570?sku=2652820,Ulta Beauty (retailer autorizado),Cargada (imagen principal),Euphoria Magnetic Elixir Parfum Intense; no está en Perfumania. Sitio oficial de la marca bloqueado (403/Cloudflare) incluso con Chromium.,
sin SKU,Lancôme Trésor L'Eau de Parfum,Sí,https://cdn.shopify.com/s/files/1/0269/7763/2389/products/Lancome-Tresor-Womens-Eau-de-Parfume-Spray-1-Best-Price-Fragrance-Parfume-FragranceOutlet.com-Details.jpg,https://www.perfumania.com/products/lancome-tresor-womens-eau-de-parfum-spray,Perfumania (distribuidor autorizado),Cargada (imagen principal),Trésor L'Eau de Parfum (caja legible); misma imagen que lancome-tresor,
sin SKU,Prada Paradoxe Intense EDP,Sí,https://cdn.shopify.com/s/files/1/0269/7763/2389/files/Prada_Paradoxe_Intense_EDP_34.png,https://www.perfumania.com/products/paradoxe-intense-perfume,Perfumania (distribuidor autorizado),Cargada (imagen principal),Paradoxe Intense EDP (cuello dice Paradoxe Intense),
sin SKU,Lancôme La Vie Est Belle Vanille Nude,Sí,https://n.nordstrommedia.com/it/c2578061-288f-403f-a852-9e68eafb675a.jpeg,https://www.nordstrom.com/s/la-vie-est-belle-vanille-nude-eau-de-parfum/8333029,Nordstrom (retailer autorizado),Cargada (imagen principal),La Vie est Belle Vanille Nude EDP,
sin SKU,Lancôme La Vie Est Belle Very Cherry Elixir,Sí,https://n.nordstrommedia.com/it/2a43ec42-bd23-47ce-a493-15b75c562f25.jpeg,https://www.nordstrom.com/s/lancome-la-vie-est-belle-very-cherry-lelixir/9027081,Nordstrom (retailer autorizado),Cargada (imagen principal),La Vie est Belle Very Cherry L'Elixir,
sin SKU,Giorgio Armani Acqua di Gioia EDP,Sí,https://cdn.shopify.com/s/files/1/0269/7763/2389/files/Aqua_di_gio_3.4.jpg,https://www.perfumania.com/products/giorgio-armani-acqua-di-gioia-women-eau-de-parfum-spray,Perfumania (distribuidor autorizado),Cargada (imagen principal),Eau de Parfum (según ficha de Perfumania). Sitio oficial de la marca bloqueado (403/Cloudflare) incluso con Chromium.,
sin SKU,Tommy Hilfiger Tommy,Sí,https://cdn.shopify.com/s/files/1/0269/7763/2389/products/Tommy-Hilfiger-Tommy-Men-Eau-de-Toilette-Spray-EDT-Spray-6.7-Best-Price-Fragrance-Perfume-FragranceOutlet.com-Main.jpg,https://www.perfumania.com/products/tommy-for-men-cologne-by-tommy-hilfiger-eau-de-toilette,Perfumania (distribuidor autorizado),Cargada (imagen principal),Tommy EDT original,
sin SKU,Tommy Hilfiger Tommy Girl,Sí,https://cdn.shopify.com/s/files/1/0269/7763/2389/products/Tommy-Hilfiger-Tommy-Girl-Womens-Eau-de-Toilette-Spray-3.4-Best-Price-Fragrance-Parfume-FragranceOutlet.com-Main.jpg,https://www.perfumania.com/products/tommy-hilfiger-tommy-girl-womens-eau-de-toilette-spray,Perfumania (distribuidor autorizado),Cargada (imagen principal),Tommy Girl EDT original,
