Producto,Marca,Handle,Estado,Variantes (SKU),Cant. imágenes,Imagen principal actual,Origen aparente,Resultado
Versace Versense 100ml,Versace,versace-versense-100ml,ACTIVE,Default Title (PER-001),1,375x500.5752.jpg,Nombre 375x500.N (coincide con el formato de Fragrantica),NO MODIFICADO: ya tiene imagen. Revisar derechos: origen probable sin licencia comercial
Le Male Le Parfum JPG 125ml,Jean Paul Gaultier,le-male-le-parfum-jpg-125ml,ACTIVE,Default Title (PER-002),1,375x500.61856.jpg,Nombre 375x500.N (coincide con el formato de Fragrantica),NO MODIFICADO: ya tiene imagen. Revisar derechos: origen probable sin licencia comercial
Olympea Paco Rabanne,Paco Rabanne,olimpea,ACTIVE,Default Title (PER-003),1,375x500.31666.jpg,Nombre 375x500.N (coincide con el formato de Fragrantica),NO MODIFICADO: ya tiene imagen. Revisar derechos: origen probable sin licencia comercial
Ultra Male JPG 125ml (tester),Jean Paul Gaultier,ultra-male-jpg-125ml-tester,ACTIVE,Default Title (PER-004),1,375x500.30947.jpg,Nombre 375x500.N (coincide con el formato de Fragrantica),NO MODIFICADO: ya tiene imagen. Revisar derechos: origen probable sin licencia comercial
Flower by Kenzo 50ml,Kenzo,flower-by-kenzo-50ml,ACTIVE,Default Title (PER-005),1,375x500.72.jpg,Nombre 375x500.N (coincide con el formato de Fragrantica),NO MODIFICADO: ya tiene imagen. Revisar derechos: origen probable sin licencia comercial
Bad Boy Carolina Herrera,Carolina Herrera,bad-boy-ch,ACTIVE,Default Title (PER-006),1,375x500.55449.jpg,Nombre 375x500.N (coincide con el formato de Fragrantica),NO MODIFICADO: ya tiene imagen. Revisar derechos: origen probable sin licencia comercial
Boss Bottled Hugo Boss,Hugo Boss,hugo-boss-kit,ACTIVE,Default Title (PER-007),1,375x500.383.jpg,Nombre 375x500.N (coincide con el formato de Fragrantica),NO MODIFICADO: ya tiene imagen. Revisar derechos: origen probable sin licencia comercial
Devotion Dolce & Gabbana,Dolce & Gabbana,devotion-dolce-gabbana,ACTIVE,Default Title (PER-008),1,375x500.84951.jpg,Nombre 375x500.N (coincide con el formato de Fragrantica),NO MODIFICADO: ya tiene imagen. Revisar derechos: origen probable sin licencia comercial
Black XS for Her,Paco Rabanne,black-xs,ACTIVE,Default Title (PER-009),1,375x500.514.jpg,Nombre 375x500.N (coincide con el formato de Fragrantica),NO MODIFICADO: ya tiene imagen. Revisar derechos: origen probable sin licencia comercial
Pour Homme Paco Rabanne,Paco Rabanne,pour-homme-paco-rabanne,ACTIVE,Default Title (PER-010),1,375x500.526.jpg,Nombre 375x500.N (coincide con el formato de Fragrantica),NO MODIFICADO: ya tiene imagen. Revisar derechos: origen probable sin licencia comercial
Libre Yves Saint Laurent,Yves Saint Laurent,libre-ysl,ACTIVE,Default Title (PER-011),1,375x500.56077.jpg,Nombre 375x500.N (coincide con el formato de Fragrantica),NO MODIFICADO: ya tiene imagen. Revisar derechos: origen probable sin licencia comercial
Scandal Intense Kit JPG,Jean Paul Gaultier,scandal-intense-kit-jpg,ACTIVE,Default Title (PER-012),1,375x500.102883.jpg,Nombre 375x500.N (coincide con el formato de Fragrantica),NO MODIFICADO: ya tiene imagen. Revisar derechos: origen probable sin licencia comercial
Valentino Donna Born in Roma,Valentino,valentino-varios,ACTIVE,Default Title (PER-013),1,375x500.55963.jpg,Nombre 375x500.N (coincide con el formato de Fragrantica),NO MODIFICADO: ya tiene imagen. Revisar derechos: origen probable sin licencia comercial
J'adore Dior,Dior,jadore-dior,ACTIVE,Default Title (PER-014),1,375x500.210.jpg,Nombre 375x500.N (coincide con el formato de Fragrantica),NO MODIFICADO: ya tiene imagen. Revisar derechos: origen probable sin licencia comercial
Versace Bright Crystal,Versace,versace-bright-crystal-noir-yellow-diamond,ACTIVE,Default Title (PER-015),1,375x500.632.jpg,Nombre 375x500.N (coincide con el formato de Fragrantica),NO MODIFICADO: ya tiene imagen. Revisar derechos: origen probable sin licencia comercial
Bleu de Chanel,Chanel,bleu-de-chanel,ACTIVE,Default Title (PER-016),1,375x500.25967.jpg,Nombre 375x500.N (coincide con el formato de Fragrantica),NO MODIFICADO: ya tiene imagen. Revisar derechos: origen probable sin licencia comercial
Halloween,J. del Pozo,halloween,ACTIVE,Default Title (PER-017),1,375x500.1444.jpg,Nombre 375x500.N (coincide con el formato de Fragrantica),NO MODIFICADO: ya tiene imagen. Revisar derechos: origen probable sin licencia comercial
212 Carolina Herrera,Carolina Herrera,212-carolina-herrera,ACTIVE,Default Title (PER-018),1,375x500.296.jpg,Nombre 375x500.N (coincide con el formato de Fragrantica),NO MODIFICADO: ya tiene imagen. Revisar derechos: origen probable sin licencia comercial
Euphoria Calvin Klein,Calvin Klein,euphoria-calvin-klein,ACTIVE,Default Title (PER-019),1,375x500.253.jpg,Nombre 375x500.N (coincide con el formato de Fragrantica),NO MODIFICADO: ya tiene imagen. Revisar derechos: origen probable sin licencia comercial
Erba Pura Xerjoff,Xerjoff,erba-pura-xerjoff,ACTIVE,Default Title (PER-020),1,375x500.55157.jpg,Nombre 375x500.N (coincide con el formato de Fragrantica),NO MODIFICADO: ya tiene imagen. Revisar derechos: origen probable sin licencia comercial
Black XS Paco Rabanne (Caballero),Paco Rabanne,black-xs-paco-rabanne-caballero,ACTIVE,Default Title (PER-021),1,375x500.514_64e1521a-4f9b-4465-ad37-fa09075893dd.jpg,Nombre 375x500.N (coincide con el formato de Fragrantica),NO MODIFICADO: ya tiene imagen. Revisar derechos: origen probable sin licencia comercial
212 Men Sexy Carolina Herrera,Carolina Herrera,212-men-sexy-ch,ACTIVE,Default Title (PER-022),1,375x500.306.jpg,Nombre 375x500.N (coincide con el formato de Fragrantica),NO MODIFICADO: ya tiene imagen. Revisar derechos: origen probable sin licencia comercial
Moschino (Fresh o I Love),Moschino,moschino-fresh-o-i-love,ACTIVE,Default Title (PER-023),1,375x500.32393.jpg,Nombre 375x500.N (coincide con el formato de Fragrantica),NO MODIFICADO: ya tiene imagen. Revisar derechos: origen probable sin licencia comercial
Explorer Montblanc,Montblanc,explorer-montblanc,ACTIVE,Default Title (PER-024),1,375x500.52002.jpg,Nombre 375x500.N (coincide con el formato de Fragrantica),NO MODIFICADO: ya tiene imagen. Revisar derechos: origen probable sin licencia comercial
La Bomba Carolina Herrera 80ml,Carolina Herrera,la-bomba-ch-80ml,ACTIVE,Default Title (PER-025),1,375x500.105931.jpg,Nombre 375x500.N (coincide con el formato de Fragrantica),NO MODIFICADO: ya tiene imagen. Revisar derechos: origen probable sin licencia comercial
Amber Oud Al Haramain,Al Haramain,amber-oud-al-haramain,ACTIVE,125 ml (PER-026); 200 ml (PER-027),1,375x500.51817.jpg,Nombre 375x500.N (coincide con el formato de Fragrantica),NO MODIFICADO: ya tiene imagen. Revisar derechos: origen probable sin licencia comercial
Amber Oud Al Haramain 200ml,Al Haramain,amber-oud-al-haramain-200ml,ARCHIVED,Default Title (PER-027),1,375x500.51817_e1def6a9-3dac-49f6-b792-3e0aa5c05be6.jpg,Nombre 375x500.N (coincide con el formato de Fragrantica),NO MODIFICADO: ya tiene imagen. Revisar derechos: origen probable sin licencia comercial
The One Dolce & Gabbana,Dolce & Gabbana,the-one-dolce-gabbana-kit,ACTIVE,Default Title (PER-028),1,375x500.698.jpg,Nombre 375x500.N (coincide con el formato de Fragrantica),NO MODIFICADO: ya tiene imagen. Revisar derechos: origen probable sin licencia comercial
La Vida Es Bella (Lancome),Lancome,la-vida-es-bella-lancome,ACTIVE,Default Title (PER-029),1,375x500.14982.jpg,Nombre 375x500.N (coincide con el formato de Fragrantica),NO MODIFICADO: ya tiene imagen. Revisar derechos: origen probable sin licencia comercial
Invictus Paco Rabanne (Aqua o Comun),Paco Rabanne,invictus-paco-rabanne,ACTIVE,Default Title (PER-030),1,375x500.34506.jpg,Nombre 375x500.N (coincide con el formato de Fragrantica),NO MODIFICADO: ya tiene imagen. Revisar derechos: origen probable sin licencia comercial
Light Blue Dolce & Gabbana,Dolce & Gabbana,light-blue-dolce-gabbana,ACTIVE,Default Title (PER-031),1,375x500.485.jpg,Nombre 375x500.N (coincide con el formato de Fragrantica),NO MODIFICADO: ya tiene imagen. Revisar derechos: origen probable sin licencia comercial
My Way Armani,Giorgio Armani,my-way-armani,ACTIVE,Default Title (PER-032),1,375x500.62036.jpg,Nombre 375x500.N (coincide con el formato de Fragrantica),NO MODIFICADO: ya tiene imagen. Revisar derechos: origen probable sin licencia comercial
Acqua di Gio Armani,Giorgio Armani,acqua-di-gio-armani,ACTIVE,Default Title (PER-033),1,375x500.410.jpg,Nombre 375x500.N (coincide con el formato de Fragrantica),NO MODIFICADO: ya tiene imagen. Revisar derechos: origen probable sin licencia comercial
Moschino Toy,Moschino,moschino-toy,ACTIVE,Default Title (PER-034),1,375x500.51589.jpg,Nombre 375x500.N (coincide con el formato de Fragrantica),NO MODIFICADO: ya tiene imagen. Revisar derechos: origen probable sin licencia comercial
Lady Million,Paco Rabanne,lady-million,ACTIVE,Default Title (PER-035),1,375x500.9045.jpg,Nombre 375x500.N (coincide con el formato de Fragrantica),NO MODIFICADO: ya tiene imagen. Revisar derechos: origen probable sin licencia comercial
Idole Lancome 100ml,Lancome,idole-lancome-100ml,ACTIVE,Default Title (PER-036),1,375x500.55795.jpg,Nombre 375x500.N (coincide con el formato de Fragrantica),NO MODIFICADO: ya tiene imagen. Revisar derechos: origen probable sin licencia comercial
Sauvage Dior EDP,Dior,sauvage-dior-100ml-edp,ACTIVE,100 ml (PER-037); 200 ml (sin SKU),1,375x500.31861.jpg,Nombre 375x500.N (coincide con el formato de Fragrantica),NO MODIFICADO: ya tiene imagen. Revisar derechos: origen probable sin licencia comercial
Versace Crystal Noir,Versace,versace-crystal-noir,ACTIVE,Default (PER-038),1,375x500.631.jpg,Nombre 375x500.N (coincide con el formato de Fragrantica),NO MODIFICADO: ya tiene imagen. Revisar derechos: origen probable sin licencia comercial
Versace Yellow Diamond,Versace,versace-yellow-diamond,ACTIVE,Default (PER-039),1,375x500.13064.jpg,Nombre 375x500.N (coincide con el formato de Fragrantica),NO MODIFICADO: ya tiene imagen. Revisar derechos: origen probable sin licencia comercial
Versace Dylan Blue pour Femme,Versace,versace-dylan-blue-pour-femme,ACTIVE,Default (PER-040),1,375x500.47459.jpg,Nombre 375x500.N (coincide con el formato de Fragrantica),NO MODIFICADO: ya tiene imagen. Revisar derechos: origen probable sin licencia comercial
Lancome Idole Power,Lancome,lancome-idole-power,ACTIVE,Default (PER-041),1,375x500.101224.jpg,Nombre 375x500.N (coincide con el formato de Fragrantica),NO MODIFICADO: ya tiene imagen. Revisar derechos: origen probable sin licencia comercial
Carolina Herrera 212 VIP Rose,Carolina Herrera,carolina-herrera-212-vip-rose,ACTIVE,Default (PER-042),1,375x500.22857.jpg,Nombre 375x500.N (coincide con el formato de Fragrantica),NO MODIFICADO: ya tiene imagen. Revisar derechos: origen probable sin licencia comercial
Carolina Herrera 212 VIP Rose Elixir,Carolina Herrera,carolina-herrera-212-vip-rose-elixir,ACTIVE,Default (PER-043),1,375x500.91736.jpg,Nombre 375x500.N (coincide con el formato de Fragrantica),NO MODIFICADO: ya tiene imagen. Revisar derechos: origen probable sin licencia comercial
Carolina Herrera Good Girl,Carolina Herrera,carolina-herrera-good-girl,ACTIVE,Default (PER-044),1,375x500.39681.jpg,Nombre 375x500.N (coincide con el formato de Fragrantica),NO MODIFICADO: ya tiene imagen. Revisar derechos: origen probable sin licencia comercial
Carolina Herrera Good Girl Very,Carolina Herrera,carolina-herrera-good-girl-very,ACTIVE,Default (PER-045),1,375x500.65560.jpg,Nombre 375x500.N (coincide con el formato de Fragrantica),NO MODIFICADO: ya tiene imagen. Revisar derechos: origen probable sin licencia comercial
Carolina Herrera Good Girl Blush,Carolina Herrera,carolina-herrera-good-girl-blush,ACTIVE,Default (PER-046),1,375x500.78576.jpg,Nombre 375x500.N (coincide con el formato de Fragrantica),NO MODIFICADO: ya tiene imagen. Revisar derechos: origen probable sin licencia comercial
Hugo Boss Femme,Hugo Boss,hugo-boss-femme,ACTIVE,Default (PER-047),1,375x500.821.jpg,Nombre 375x500.N (coincide con el formato de Fragrantica),NO MODIFICADO: ya tiene imagen. Revisar derechos: origen probable sin licencia comercial
Moschino Toy 2 50ml,Moschino,moschino-toy-2-50ml,ACTIVE,Default (PER-048),1,375x500.51589_df52fa4a-7425-446c-8c19-738cf3fb3263.jpg,Nombre 375x500.N (coincide con el formato de Fragrantica),NO MODIFICADO: ya tiene imagen. Revisar derechos: origen probable sin licencia comercial
Moschino Toy 2 Pearl,Moschino,moschino-toy-2-pearl,ACTIVE,Default (PER-049),1,375x500.84718.jpg,Nombre 375x500.N (coincide con el formato de Fragrantica),NO MODIFICADO: ya tiene imagen. Revisar derechos: origen probable sin licencia comercial
Moschino Pink Fresh Couture,Moschino,moschino-pink-fresh-couture,ACTIVE,Default (PER-050),1,375x500.43831.jpg,Nombre 375x500.N (coincide con el formato de Fragrantica),NO MODIFICADO: ya tiene imagen. Revisar derechos: origen probable sin licencia comercial
Moschino Cheap and Chic I Love Love,Moschino,moschino-cheap-and-chic-i-love-love,ACTIVE,Default (PER-051),1,375x500.728.jpg,Nombre 375x500.N (coincide con el formato de Fragrantica),NO MODIFICADO: ya tiene imagen. Revisar derechos: origen probable sin licencia comercial
Valentino Donna Born in Roma Purple Melancholia,Valentino,valentino-donna-born-in-roma-purple-melancholia,ACTIVE,Default (PER-052),1,375x500.120985.jpg,Nombre 375x500.N (coincide con el formato de Fragrantica),NO MODIFICADO: ya tiene imagen. Revisar derechos: origen probable sin licencia comercial
Valentino Donna Born in Roma Yellow Dream,Valentino,valentino-donna-born-in-roma-yellow-dream,ACTIVE,Default (PER-053),1,375x500.64615.jpg,Nombre 375x500.N (coincide con el formato de Fragrantica),NO MODIFICADO: ya tiene imagen. Revisar derechos: origen probable sin licencia comercial
Valentino Donna Born in Roma Coral Fantasy,Valentino,valentino-donna-born-in-roma-coral-fantasy,ACTIVE,Default (PER-054),1,375x500.71760.jpg,Nombre 375x500.N (coincide con el formato de Fragrantica),NO MODIFICADO: ya tiene imagen. Revisar derechos: origen probable sin licencia comercial
Kenzo Flower La Recolte Parisienne,Kenzo,kenzo-flower-la-recolte-parisienne,ACTIVE,Default (PER-055),1,375x500.92565.jpg,Nombre 375x500.N (coincide con el formato de Fragrantica),NO MODIFICADO: ya tiene imagen. Revisar derechos: origen probable sin licencia comercial
Paloma Picasso,Paloma Picasso,paloma-picasso,ACTIVE,Default (PER-056),1,375x500.1009.jpg,Nombre 375x500.N (coincide con el formato de Fragrantica),NO MODIFICADO: ya tiene imagen. Revisar derechos: origen probable sin licencia comercial
Paco Rabanne Invictus Victory Elixir,Paco Rabanne,paco-rabanne-invictus-victory-elixir,ACTIVE,Default (PER-057),1,375x500.78575.jpg,Nombre 375x500.N (coincide con el formato de Fragrantica),NO MODIFICADO: ya tiene imagen. Revisar derechos: origen probable sin licencia comercial
Paco Rabanne Phantom Parfum,Paco Rabanne,paco-rabanne-phantom-parfum,ACTIVE,Default (PER-058),1,375x500.81927.jpg,Nombre 375x500.N (coincide con el formato de Fragrantica),NO MODIFICADO: ya tiene imagen. Revisar derechos: origen probable sin licencia comercial
Carolina Herrera 212 VIP Black,Carolina Herrera,carolina-herrera-212-vip-black,ACTIVE,Default (PER-059),1,375x500.46093.jpg,Nombre 375x500.N (coincide con el formato de Fragrantica),NO MODIFICADO: ya tiene imagen. Revisar derechos: origen probable sin licencia comercial
Carolina Herrera 212 Men,Carolina Herrera,carolina-herrera-212-men,ACTIVE,Default (PER-060),1,375x500.297.jpg,Nombre 375x500.N (coincide con el formato de Fragrantica),NO MODIFICADO: ya tiene imagen. Revisar derechos: origen probable sin licencia comercial
Carolina Herrera 212 VIP Men,Carolina Herrera,carolina-herrera-212-vip-men-1,ACTIVE,Default (PER-061),1,375x500.12865_04875f1d-59bb-48b4-987a-fa0418cd5e7d.jpg,Nombre 375x500.N (coincide con el formato de Fragrantica),NO MODIFICADO: ya tiene imagen. Revisar derechos: origen probable sin licencia comercial
Carolina Herrera Bad Boy Le Parfum,Carolina Herrera,carolina-herrera-bad-boy-le-parfum,ACTIVE,Default (PER-062),1,375x500.65718.jpg,Nombre 375x500.N (coincide con el formato de Fragrantica),NO MODIFICADO: ya tiene imagen. Revisar derechos: origen probable sin licencia comercial
Issey Miyake L'Eau D'Issey Pour Homme Intense,Issey Miyake,issey-miyake-leau-dissey-pour-homme-intense,ACTIVE,Default (PER-063),1,375x500.1998.jpg,Nombre 375x500.N (coincide con el formato de Fragrantica),NO MODIFICADO: ya tiene imagen. Revisar derechos: origen probable sin licencia comercial
Jean Paul Gaultier Le Male Elixir,Jean Paul Gaultier,jean-paul-gaultier-le-male-elixir,ACTIVE,Default (PER-064),1,375x500.81642.jpg,Nombre 375x500.N (coincide con el formato de Fragrantica),NO MODIFICADO: ya tiene imagen. Revisar derechos: origen probable sin licencia comercial
Jean Paul Gaultier Le Beau,Jean Paul Gaultier,jean-paul-gaultier-le-beau,ACTIVE,Default (PER-065),1,375x500.55785.jpg,Nombre 375x500.N (coincide con el formato de Fragrantica),NO MODIFICADO: ya tiene imagen. Revisar derechos: origen probable sin licencia comercial
Jean Paul Gaultier Le Beau Le Parfum,Jean Paul Gaultier,jean-paul-gaultier-le-beau-le-parfum,ACTIVE,Default (PER-066),1,375x500.72158.jpg,Nombre 375x500.N (coincide con el formato de Fragrantica),NO MODIFICADO: ya tiene imagen. Revisar derechos: origen probable sin licencia comercial
Jean Paul Gaultier Scandal pour Homme,Jean Paul Gaultier,jean-paul-gaultier-scandal-pour-homme,ACTIVE,Default (PER-067),1,375x500.68074.jpg,Nombre 375x500.N (coincide con el formato de Fragrantica),NO MODIFICADO: ya tiene imagen. Revisar derechos: origen probable sin licencia comercial
Jean Paul Gaultier Scandal Intense pour Homme,Jean Paul Gaultier,jean-paul-gaultier-scandal-intense-pour-homme,ACTIVE,Default (PER-068),1,375x500.102884.jpg,Nombre 375x500.N (coincide con el formato de Fragrantica),NO MODIFICADO: ya tiene imagen. Revisar derechos: origen probable sin licencia comercial
Versace Pour Homme,Versace,versace-pour-homme,ACTIVE,Default (PER-069),1,375x500.2318.jpg,Nombre 375x500.N (coincide con el formato de Fragrantica),NO MODIFICADO: ya tiene imagen. Revisar derechos: origen probable sin licencia comercial
Versace Eros,Versace,versace-eros,ACTIVE,Default (PER-070),1,375x500.16657.jpg,Nombre 375x500.N (coincide con el formato de Fragrantica),NO MODIFICADO: ya tiene imagen. Revisar derechos: origen probable sin licencia comercial
Versace Dylan Blue pour Homme,Versace,versace-dylan-blue-pour-homme,ACTIVE,Default (PER-071),1,375x500.40031.jpg,Nombre 375x500.N (coincide con el formato de Fragrantica),NO MODIFICADO: ya tiene imagen. Revisar derechos: origen probable sin licencia comercial
Hugo Man,Hugo Boss,hugo-man,ACTIVE,Default (PER-072),1,375x500.64606.jpg,Nombre 375x500.N (coincide con el formato de Fragrantica),NO MODIFICADO: ya tiene imagen. Revisar derechos: origen probable sin licencia comercial
Ralph Lauren Polo Blue,Ralph Lauren,ralph-lauren-polo-blue,ACTIVE,Default (PER-073),1,375x500.1198.jpg,Nombre 375x500.N (coincide con el formato de Fragrantica),NO MODIFICADO: ya tiene imagen. Revisar derechos: origen probable sin licencia comercial
Valentino Uomo Born in Roma,Valentino,valentino-uomo-born-in-roma,ACTIVE,Default (PER-074),1,375x500.55963_c34831ba-07e0-4c0c-978b-3c02839a1961.jpg,Nombre 375x500.N (coincide con el formato de Fragrantica),NO MODIFICADO: ya tiene imagen. Revisar derechos: origen probable sin licencia comercial
Valentino Uomo Born in Roma Extradose,Valentino,valentino-uomo-born-in-roma-extradose,ACTIVE,Default (PER-075),1,375x500.101383.jpg,Nombre 375x500.N (coincide con el formato de Fragrantica),NO MODIFICADO: ya tiene imagen. Revisar derechos: origen probable sin licencia comercial
Valentino Uomo Born in Roma Green Stravaganza,Valentino,valentino-uomo-born-in-roma-green-stravaganza,ACTIVE,Default (PER-076),1,375x500.88989.jpg,Nombre 375x500.N (coincide con el formato de Fragrantica),NO MODIFICADO: ya tiene imagen. Revisar derechos: origen probable sin licencia comercial
Valentino Uomo Born in Roma Coral Fantasy,Valentino,valentino-uomo-born-in-roma-coral-fantasy,ACTIVE,Default (PER-077),1,375x500.71761.jpg,Nombre 375x500.N (coincide con el formato de Fragrantica),NO MODIFICADO: ya tiene imagen. Revisar derechos: origen probable sin licencia comercial
Valentino Uomo Born in Roma Purple Melancholia,Valentino,valentino-uomo-born-in-roma-purple-melancholia,ACTIVE,Default (PER-078),1,375x500.120986.jpg,Nombre 375x500.N (coincide con el formato de Fragrantica),NO MODIFICADO: ya tiene imagen. Revisar derechos: origen probable sin licencia comercial
Halloween Man Mystery,Jesus Del Pozo,halloween-man-mystery,ACTIVE,Default (PER-079),1,375x500.83298.jpg,Nombre 375x500.N (coincide con el formato de Fragrantica),NO MODIFICADO: ya tiene imagen. Revisar derechos: origen probable sin licencia comercial
Creed Aventus,Creed,creed-aventus,ACTIVE,Default Title (PER-080),1,375x500.9828.jpg,Nombre 375x500.N (coincide con el formato de Fragrantica),NO MODIFICADO: ya tiene imagen. Revisar derechos: origen probable sin licencia comercial
Creed Green Irish Tweed,Creed,creed-green-irish-tweed,ACTIVE,Default Title (PER-081),1,375x500.474.jpg,Nombre 375x500.N (coincide con el formato de Fragrantica),NO MODIFICADO: ya tiene imagen. Revisar derechos: origen probable sin licencia comercial
Creed Silver Mountain Water,Creed,creed-silver-mountain-water,ACTIVE,Default Title (PER-082),1,375x500.472.jpg,Nombre 375x500.N (coincide con el formato de Fragrantica),NO MODIFICADO: ya tiene imagen. Revisar derechos: origen probable sin licencia comercial
Creed Aventus for Her,Creed,creed-aventus-for-her,ACTIVE,Default Title (PER-083),1,375x500.38497.jpg,Nombre 375x500.N (coincide con el formato de Fragrantica),NO MODIFICADO: ya tiene imagen. Revisar derechos: origen probable sin licencia comercial
Creed Viking,Creed,creed-viking,ACTIVE,Default Title (PER-084),1,375x500.41698.jpg,Nombre 375x500.N (coincide con el formato de Fragrantica),NO MODIFICADO: ya tiene imagen. Revisar derechos: origen probable sin licencia comercial
Creed Royal Oud,Creed,creed-royal-oud,ACTIVE,Default Title (PER-085),1,375x500.12317.jpg,Nombre 375x500.N (coincide con el formato de Fragrantica),NO MODIFICADO: ya tiene imagen. Revisar derechos: origen probable sin licencia comercial
Maison Francis Kurkdjian Baccarat Rouge 540 EDP,Maison Francis Kurkdjian,maison-francis-kurkdjian-baccarat-rouge-540-edp,ACTIVE,Default Title (PER-086),1,375x500.33519.jpg,Nombre 375x500.N (coincide con el formato de Fragrantica),NO MODIFICADO: ya tiene imagen. Revisar derechos: origen probable sin licencia comercial
Maison Francis Kurkdjian Baccarat Rouge 540 Extrait,Maison Francis Kurkdjian,maison-francis-kurkdjian-baccarat-rouge-540-extrait,ACTIVE,Default Title (PER-087),1,375x500.46066.jpg,Nombre 375x500.N (coincide con el formato de Fragrantica),NO MODIFICADO: ya tiene imagen. Revisar derechos: origen probable sin licencia comercial
Maison Francis Kurkdjian Grand Soir,Maison Francis Kurkdjian,maison-francis-kurkdjian-grand-soir,ACTIVE,Default Title (PER-088),1,375x500.40816.jpg,Nombre 375x500.N (coincide con el formato de Fragrantica),NO MODIFICADO: ya tiene imagen. Revisar derechos: origen probable sin licencia comercial
Maison Francis Kurkdjian Oud Satin Mood,Maison Francis Kurkdjian,maison-francis-kurkdjian-oud-satin-mood,ACTIVE,Default Title (PER-089),1,375x500.30352.jpg,Nombre 375x500.N (coincide con el formato de Fragrantica),NO MODIFICADO: ya tiene imagen. Revisar derechos: origen probable sin licencia comercial
Parfums de Marly Layton,Parfums de Marly,parfums-de-marly-layton,ACTIVE,Default Title (PER-090),1,375x500.39314.jpg,Nombre 375x500.N (coincide con el formato de Fragrantica),NO MODIFICADO: ya tiene imagen. Revisar derechos: origen probable sin licencia comercial
Parfums de Marly Herod,Parfums de Marly,parfums-de-marly-herod,ACTIVE,Default Title (PER-091),1,375x500.16939.jpg,Nombre 375x500.N (coincide con el formato de Fragrantica),NO MODIFICADO: ya tiene imagen. Revisar derechos: origen probable sin licencia comercial
Parfums de Marly Delina,Parfums de Marly,parfums-de-marly-delina,ACTIVE,Default Title (PER-092),1,375x500.43871.jpg,Nombre 375x500.N (coincide con el formato de Fragrantica),NO MODIFICADO: ya tiene imagen. Revisar derechos: origen probable sin licencia comercial
Parfums de Marly Pegasus,Parfums de Marly,parfums-de-marly-pegasus,ACTIVE,Default Title (PER-093),1,375x500.16938.jpg,Nombre 375x500.N (coincide con el formato de Fragrantica),NO MODIFICADO: ya tiene imagen. Revisar derechos: origen probable sin licencia comercial
Parfums de Marly Percival,Parfums de Marly,parfums-de-marly-percival,ACTIVE,Default Title (PER-094),1,375x500.51037.jpg,Nombre 375x500.N (coincide con el formato de Fragrantica),NO MODIFICADO: ya tiene imagen. Revisar derechos: origen probable sin licencia comercial
Parfums de Marly Althaïr,Parfums de Marly,parfums-de-marly-althair,ACTIVE,Default Title (PER-095),1,375x500.84109.jpg,Nombre 375x500.N (coincide con el formato de Fragrantica),NO MODIFICADO: ya tiene imagen. Revisar derechos: origen probable sin licencia comercial
Tom Ford Tobacco Vanille,Tom Ford,tom-ford-tobacco-vanille,ACTIVE,Default Title (PER-096),1,375x500.1825.jpg,Nombre 375x500.N (coincide con el formato de Fragrantica),NO MODIFICADO: ya tiene imagen. Revisar derechos: origen probable sin licencia comercial
Tom Ford Oud Wood,Tom Ford,tom-ford-oud-wood,ACTIVE,Default Title (PER-097),1,375x500.1826.jpg,Nombre 375x500.N (coincide con el formato de Fragrantica),NO MODIFICADO: ya tiene imagen. Revisar derechos: origen probable sin licencia comercial
Tom Ford Lost Cherry,Tom Ford,tom-ford-lost-cherry,ACTIVE,Default Title (PER-098),1,375x500.51411.jpg,Nombre 375x500.N (coincide con el formato de Fragrantica),NO MODIFICADO: ya tiene imagen. Revisar derechos: origen probable sin licencia comercial
Tom Ford Bitter Peach,Tom Ford,tom-ford-bitter-peach,ACTIVE,Default Title (PER-099),1,375x500.62707.jpg,Nombre 375x500.N (coincide con el formato de Fragrantica),NO MODIFICADO: ya tiene imagen. Revisar derechos: origen probable sin licencia comercial
Tom Ford Soleil Blanc,Tom Ford,tom-ford-soleil-blanc,ACTIVE,Default Title (PER-100),1,375x500.34893.jpg,Nombre 375x500.N (coincide con el formato de Fragrantica),NO MODIFICADO: ya tiene imagen. Revisar derechos: origen probable sin licencia comercial
Le Labo Santal 33,Le Labo,le-labo-santal-33,ACTIVE,Default Title (PER-101),1,375x500.12201.jpg,Nombre 375x500.N (coincide con el formato de Fragrantica),NO MODIFICADO: ya tiene imagen. Revisar derechos: origen probable sin licencia comercial
Le Labo Another 13,Le Labo,le-labo-another-13,ACTIVE,Default Title (PER-102),1,375x500.10131.jpg,Nombre 375x500.N (coincide con el formato de Fragrantica),NO MODIFICADO: ya tiene imagen. Revisar derechos: origen probable sin licencia comercial
Byredo Gypsy Water,Byredo,byredo-gypsy-water,ACTIVE,Default Title (PER-103),1,375x500.3575.jpg,Nombre 375x500.N (coincide con el formato de Fragrantica),NO MODIFICADO: ya tiene imagen. Revisar derechos: origen probable sin licencia comercial
Byredo Mojave Ghost,Byredo,byredo-mojave-ghost,ACTIVE,Default Title (PER-104),1,375x500.27040.jpg,Nombre 375x500.N (coincide con el formato de Fragrantica),NO MODIFICADO: ya tiene imagen. Revisar derechos: origen probable sin licencia comercial
Byredo Bal d'Afrique,Byredo,byredo-bal-dafrique,ACTIVE,Default Title (PER-105),1,375x500.6458.jpg,Nombre 375x500.N (coincide con el formato de Fragrantica),NO MODIFICADO: ya tiene imagen. Revisar derechos: origen probable sin licencia comercial
Xerjoff Naxos,Xerjoff,xerjoff-naxos,ACTIVE,Default Title (PER-106),1,375x500.30529.jpg,Nombre 375x500.N (coincide con el formato de Fragrantica),NO MODIFICADO: ya tiene imagen. Revisar derechos: origen probable sin licencia comercial
Xerjoff Alexandria II,Xerjoff,xerjoff-alexandria-ii,ACTIVE,Default Title (PER-107),1,375x500.17786.jpg,Nombre 375x500.N (coincide con el formato de Fragrantica),NO MODIFICADO: ya tiene imagen. Revisar derechos: origen probable sin licencia comercial
Xerjoff 40 Knots,Xerjoff,xerjoff-40-knots,ACTIVE,Default Title (PER-108),1,375x500.16445.jpg,Nombre 375x500.N (coincide con el formato de Fragrantica),NO MODIFICADO: ya tiene imagen. Revisar derechos: origen probable sin licencia comercial
Initio Oud for Greatness,Initio Parfums Privés,initio-oud-for-greatness,ACTIVE,Default Title (PER-109),1,375x500.53641.jpg,Nombre 375x500.N (coincide con el formato de Fragrantica),NO MODIFICADO: ya tiene imagen. Revisar derechos: origen probable sin licencia comercial
Initio Side Effect,Initio Parfums Privés,initio-side-effect,ACTIVE,Default Title (PER-110),1,375x500.42260.jpg,Nombre 375x500.N (coincide con el formato de Fragrantica),NO MODIFICADO: ya tiene imagen. Revisar derechos: origen probable sin licencia comercial
Initio Rehab,Initio Parfums Privés,initio-rehab,ACTIVE,Default Title (PER-111),1,375x500.50351.jpg,Nombre 375x500.N (coincide con el formato de Fragrantica),NO MODIFICADO: ya tiene imagen. Revisar derechos: origen probable sin licencia comercial
Amouage Interlude Man,Amouage,amouage-interlude-man,ACTIVE,Default Title (PER-112),1,375x500.15294.jpg,Nombre 375x500.N (coincide con el formato de Fragrantica),NO MODIFICADO: ya tiene imagen. Revisar derechos: origen probable sin licencia comercial
Amouage Reflection Man,Amouage,amouage-reflection-man,ACTIVE,Default Title (PER-113),1,375x500.920.jpg,Nombre 375x500.N (coincide con el formato de Fragrantica),NO MODIFICADO: ya tiene imagen. Revisar derechos: origen probable sin licencia comercial
Amouage Guidance,Amouage,amouage-guidance,ACTIVE,Default Title (PER-114),1,375x500.78656.jpg,Nombre 375x500.N (coincide con el formato de Fragrantica),NO MODIFICADO: ya tiene imagen. Revisar derechos: origen probable sin licencia comercial
Kilian Angels' Share,Kilian,kilian-angels-share,ACTIVE,Default Title (PER-115),1,375x500.62615.jpg,Nombre 375x500.N (coincide con el formato de Fragrantica),NO MODIFICADO: ya tiene imagen. Revisar derechos: origen probable sin licencia comercial
"Kilian Love, Don't Be Shy",Kilian,kilian-love-dont-be-shy,ACTIVE,Default Title (PER-116),1,375x500.4322.jpg,Nombre 375x500.N (coincide con el formato de Fragrantica),NO MODIFICADO: ya tiene imagen. Revisar derechos: origen probable sin licencia comercial
Kilian Good Girl Gone Bad,Kilian,kilian-good-girl-gone-bad,ACTIVE,Default Title (PER-117),1,375x500.15924.jpg,Nombre 375x500.N (coincide con el formato de Fragrantica),NO MODIFICADO: ya tiene imagen. Revisar derechos: origen probable sin licencia comercial
Nishane Hacivat,Nishane,nishane-hacivat,ACTIVE,Default Title (PER-118),1,375x500.44174.jpg,Nombre 375x500.N (coincide con el formato de Fragrantica),NO MODIFICADO: ya tiene imagen. Revisar derechos: origen probable sin licencia comercial
Nishane Ani,Nishane,nishane-ani,ACTIVE,Default Title (PER-119),1,375x500.54785.jpg,Nombre 375x500.N (coincide con el formato de Fragrantica),NO MODIFICADO: ya tiene imagen. Revisar derechos: origen probable sin licencia comercial
Mancera Cedrat Boisé,Mancera,mancera-cedrat-boise,ACTIVE,Default Title (PER-120),1,375x500.15211.jpg,Nombre 375x500.N (coincide con el formato de Fragrantica),NO MODIFICADO: ya tiene imagen. Revisar derechos: origen probable sin licencia comercial
Mancera Red Tobacco,Mancera,mancera-red-tobacco,ACTIVE,Default Title (PER-121),1,375x500.46663.jpg,Nombre 375x500.N (coincide con el formato de Fragrantica),NO MODIFICADO: ya tiene imagen. Revisar derechos: origen probable sin licencia comercial
Mancera Instant Crush,Mancera,mancera-instant-crush,ACTIVE,Default Title (PER-122),1,375x500.54885.jpg,Nombre 375x500.N (coincide con el formato de Fragrantica),NO MODIFICADO: ya tiene imagen. Revisar derechos: origen probable sin licencia comercial
Montale Intense Café,Montale,montale-intense-cafe,ACTIVE,Default Title (PER-123),1,375x500.18021.jpg,Nombre 375x500.N (coincide con el formato de Fragrantica),NO MODIFICADO: ya tiene imagen. Revisar derechos: origen probable sin licencia comercial
Montale Arabians Tonka,Montale,montale-arabians-tonka,ACTIVE,Default Title (PER-124),1,375x500.57384.jpg,Nombre 375x500.N (coincide con el formato de Fragrantica),NO MODIFICADO: ya tiene imagen. Revisar derechos: origen probable sin licencia comercial
Montale Black Aoud,Montale,montale-black-aoud,ACTIVE,Default Title (PER-125),1,375x500.1142.jpg,Nombre 375x500.N (coincide con el formato de Fragrantica),NO MODIFICADO: ya tiene imagen. Revisar derechos: origen probable sin licencia comercial
Louis Vuitton Imagination,Louis Vuitton,louis-vuitton-imagination,ACTIVE,Default Title (PER-126),1,375x500.67370.jpg,Nombre 375x500.N (coincide con el formato de Fragrantica),NO MODIFICADO: ya tiene imagen. Revisar derechos: origen probable sin licencia comercial
Louis Vuitton Ombre Nomade,Louis Vuitton,louis-vuitton-ombre-nomade,ACTIVE,Default Title (PER-127),1,375x500.49755.jpg,Nombre 375x500.N (coincide con el formato de Fragrantica),NO MODIFICADO: ya tiene imagen. Revisar derechos: origen probable sin licencia comercial
Maison Margiela Replica Jazz Club,Maison Margiela,maison-margiela-replica-jazz-club,ACTIVE,Default Title (PER-128),1,375x500.20541.jpg,Nombre 375x500.N (coincide con el formato de Fragrantica),NO MODIFICADO: ya tiene imagen. Revisar derechos: origen probable sin licencia comercial
Maison Margiela Replica By the Fireplace,Maison Margiela,maison-margiela-replica-by-the-fireplace,ACTIVE,Default Title (PER-129),1,375x500.31623.jpg,Nombre 375x500.N (coincide con el formato de Fragrantica),NO MODIFICADO: ya tiene imagen. Revisar derechos: origen probable sin licencia comercial
Dior Sauvage Elixir,Dior,dior-sauvage-elixir,ACTIVE,Default Title (PER-130),1,375x500.68415.jpg,Nombre 375x500.N (coincide con el formato de Fragrantica),NO MODIFICADO: ya tiene imagen. Revisar derechos: origen probable sin licencia comercial
Dior Homme Intense,Dior,dior-homme-intense,ACTIVE,Default Title (PER-131),1,375x500.13016.jpg,Nombre 375x500.N (coincide con el formato de Fragrantica),NO MODIFICADO: ya tiene imagen. Revisar derechos: origen probable sin licencia comercial
Dior Fahrenheit,Dior,dior-fahrenheit,ACTIVE,Default Title (PER-132),1,375x500.228.jpg,Nombre 375x500.N (coincide con el formato de Fragrantica),NO MODIFICADO: ya tiene imagen. Revisar derechos: origen probable sin licencia comercial
Chanel Allure Homme Sport,Chanel,chanel-allure-homme-sport,ACTIVE,Default Title (PER-133),1,375x500.607.jpg,Nombre 375x500.N (coincide con el formato de Fragrantica),NO MODIFICADO: ya tiene imagen. Revisar derechos: origen probable sin licencia comercial
Paco Rabanne 1 Million,Paco Rabanne,paco-rabanne-1-million,ACTIVE,100 ml (PER-134); 200 ml (sin SKU),1,375x500.3747.jpg,Nombre 375x500.N (coincide con el formato de Fragrantica),NO MODIFICADO: ya tiene imagen. Revisar derechos: origen probable sin licencia comercial
Paco Rabanne Phantom,Paco Rabanne,paco-rabanne-phantom,ACTIVE,Default Title (PER-135),1,375x500.68226.jpg,Nombre 375x500.N (coincide con el formato de Fragrantica),NO MODIFICADO: ya tiene imagen. Revisar derechos: origen probable sin licencia comercial
Yves Saint Laurent Y EDP,Yves Saint Laurent,yves-saint-laurent-y-edp,ACTIVE,Default Title (PER-136),1,375x500.50757.jpg,Nombre 375x500.N (coincide con el formato de Fragrantica),NO MODIFICADO: ya tiene imagen. Revisar derechos: origen probable sin licencia comercial
Yves Saint Laurent La Nuit de L'Homme,Yves Saint Laurent,yves-saint-laurent-la-nuit-de-lhomme,ACTIVE,Default Title (PER-137),1,375x500.5521.jpg,Nombre 375x500.N (coincide con el formato de Fragrantica),NO MODIFICADO: ya tiene imagen. Revisar derechos: origen probable sin licencia comercial
Giorgio Armani Acqua di Giò Profumo,Giorgio Armani,giorgio-armani-acqua-di-gio-profumo,ACTIVE,Default Title (PER-138),1,375x500.29727.jpg,Nombre 375x500.N (coincide con el formato de Fragrantica),NO MODIFICADO: ya tiene imagen. Revisar derechos: origen probable sin licencia comercial
Emporio Armani Stronger With You Intensely,Giorgio Armani,emporio-armani-stronger-with-you-intensely,ACTIVE,Default Title (PER-139),1,375x500.52802.jpg,Nombre 375x500.N (coincide con el formato de Fragrantica),NO MODIFICADO: ya tiene imagen. Revisar derechos: origen probable sin licencia comercial
Armani Code,Giorgio Armani,armani-code,ACTIVE,Default Title (PER-140),1,375x500.412.jpg,Nombre 375x500.N (coincide con el formato de Fragrantica),NO MODIFICADO: ya tiene imagen. Revisar derechos: origen probable sin licencia comercial
Prada Luna Rossa Carbon,Prada,prada-luna-rossa-carbon,ACTIVE,Default Title (PER-141),1,375x500.43402.jpg,Nombre 375x500.N (coincide con el formato de Fragrantica),NO MODIFICADO: ya tiene imagen. Revisar derechos: origen probable sin licencia comercial
Prada L'Homme,Prada,prada-lhomme,ACTIVE,Default Title (PER-142),1,375x500.39029.jpg,Nombre 375x500.N (coincide con el formato de Fragrantica),NO MODIFICADO: ya tiene imagen. Revisar derechos: origen probable sin licencia comercial
Viktor&Rolf Spicebomb Extreme,Viktor&Rolf,viktor-rolf-spicebomb-extreme,ACTIVE,Default Title (PER-143),1,375x500.30499.jpg,Nombre 375x500.N (coincide con el formato de Fragrantica),NO MODIFICADO: ya tiene imagen. Revisar derechos: origen probable sin licencia comercial
Versace Eros Flame,Versace,versace-eros-flame,ACTIVE,Default Title (PER-144),1,375x500.52180.jpg,Nombre 375x500.N (coincide con el formato de Fragrantica),NO MODIFICADO: ya tiene imagen. Revisar derechos: origen probable sin licencia comercial
Givenchy Gentleman EDP,Givenchy,givenchy-gentleman-edp,ACTIVE,Default Title (PER-145),1,375x500.48476.jpg,Nombre 375x500.N (coincide con el formato de Fragrantica),NO MODIFICADO: ya tiene imagen. Revisar derechos: origen probable sin licencia comercial
Azzaro The Most Wanted,Azzaro,azzaro-the-most-wanted,ACTIVE,Default Title (PER-146),1,375x500.66826.jpg,Nombre 375x500.N (coincide con el formato de Fragrantica),NO MODIFICADO: ya tiene imagen. Revisar derechos: origen probable sin licencia comercial
Montblanc Legend,Montblanc,montblanc-legend,ACTIVE,Default Title (PER-147),1,375x500.11784.jpg,Nombre 375x500.N (coincide con el formato de Fragrantica),NO MODIFICADO: ya tiene imagen. Revisar derechos: origen probable sin licencia comercial
Burberry Hero,Burberry,burberry-hero,ACTIVE,Default Title (PER-148),1,375x500.68627.jpg,Nombre 375x500.N (coincide con el formato de Fragrantica),NO MODIFICADO: ya tiene imagen. Revisar derechos: origen probable sin licencia comercial
Hermès Terre d'Hermès,Hermès,hermes-terre-dhermes,ACTIVE,Default Title (PER-149),1,375x500.17.jpg,Nombre 375x500.N (coincide con el formato de Fragrantica),NO MODIFICADO: ya tiene imagen. Revisar derechos: origen probable sin licencia comercial
Dolce&Gabbana The One for Men EDP,Dolce & Gabbana,dolce-gabbana-the-one-for-men-edp,ACTIVE,Default Title (PER-150),1,375x500.31909.jpg,Nombre 375x500.N (coincide con el formato de Fragrantica),NO MODIFICADO: ya tiene imagen. Revisar derechos: origen probable sin licencia comercial
Diesel Only The Brave,Diesel,diesel-only-the-brave,ACTIVE,Default Title (PER-151),1,375x500.5532.jpg,Nombre 375x500.N (coincide con el formato de Fragrantica),NO MODIFICADO: ya tiene imagen. Revisar derechos: origen probable sin licencia comercial
Mugler A*Men,Mugler,mugler-a-men,ACTIVE,Default Title (PER-152),1,375x500.705.jpg,Nombre 375x500.N (coincide con el formato de Fragrantica),NO MODIFICADO: ya tiene imagen. Revisar derechos: origen probable sin licencia comercial
Tom Ford Ombré Leather,Tom Ford,tom-ford-ombre-leather,ACTIVE,Default Title (PER-153),1,375x500.50239.jpg,Nombre 375x500.N (coincide con el formato de Fragrantica),NO MODIFICADO: ya tiene imagen. Revisar derechos: origen probable sin licencia comercial
Calvin Klein CK One,Calvin Klein,calvin-klein-ck-one,ACTIVE,Default Title (PER-154),1,375x500.276.jpg,Nombre 375x500.N (coincide con el formato de Fragrantica),NO MODIFICADO: ya tiene imagen. Revisar derechos: origen probable sin licencia comercial
Chanel Coco Mademoiselle,Chanel,chanel-coco-mademoiselle,ACTIVE,Default Title (PER-155),1,375x500.611.jpg,Nombre 375x500.N (coincide con el formato de Fragrantica),NO MODIFICADO: ya tiene imagen. Revisar derechos: origen probable sin licencia comercial
Chanel N°5 EDP,Chanel,chanel-n-5-edp,ACTIVE,Default Title (PER-156),1,375x500.40069.jpg,Nombre 375x500.N (coincide con el formato de Fragrantica),NO MODIFICADO: ya tiene imagen. Revisar derechos: origen probable sin licencia comercial
Chanel Chance Eau Tendre,Chanel,chanel-chance-eau-tendre,ACTIVE,Default Title (PER-157),1,375x500.8069.jpg,Nombre 375x500.N (coincide con el formato de Fragrantica),NO MODIFICADO: ya tiene imagen. Revisar derechos: origen probable sin licencia comercial
Dior Miss Dior EDP,Dior,dior-miss-dior-edp,ACTIVE,Default Title (PER-158),1,375x500.68905.jpg,Nombre 375x500.N (coincide con el formato de Fragrantica),NO MODIFICADO: ya tiene imagen. Revisar derechos: origen probable sin licencia comercial
Dior Hypnotic Poison,Dior,dior-hypnotic-poison,ACTIVE,Default Title (PER-159),1,375x500.219.jpg,Nombre 375x500.N (coincide con el formato de Fragrantica),NO MODIFICADO: ya tiene imagen. Revisar derechos: origen probable sin licencia comercial
Yves Saint Laurent Black Opium,Yves Saint Laurent,yves-saint-laurent-black-opium,ACTIVE,Default Title (PER-160),1,375x500.25324.jpg,Nombre 375x500.N (coincide con el formato de Fragrantica),NO MODIFICADO: ya tiene imagen. Revisar derechos: origen probable sin licencia comercial
Yves Saint Laurent Mon Paris,Yves Saint Laurent,yves-saint-laurent-mon-paris,ACTIVE,Default Title (PER-161),1,375x500.38914.jpg,Nombre 375x500.N (coincide con el formato de Fragrantica),NO MODIFICADO: ya tiene imagen. Revisar derechos: origen probable sin licencia comercial
Giorgio Armani Sì EDP,Giorgio Armani,giorgio-armani-si-edp,ACTIVE,Default Title (PER-162),1,375x500.18453.jpg,Nombre 375x500.N (coincide con el formato de Fragrantica),NO MODIFICADO: ya tiene imagen. Revisar derechos: origen probable sin licencia comercial
Prada Paradoxe,Prada,prada-paradoxe,ACTIVE,Default Title (PER-163),1,375x500.75668.jpg,Nombre 375x500.N (coincide con el formato de Fragrantica),NO MODIFICADO: ya tiene imagen. Revisar derechos: origen probable sin licencia comercial
Viktor&Rolf Flowerbomb,Viktor&Rolf,viktor-rolf-flowerbomb,ACTIVE,Default Title (PER-164),1,375x500.1460.jpg,Nombre 375x500.N (coincide con el formato de Fragrantica),NO MODIFICADO: ya tiene imagen. Revisar derechos: origen probable sin licencia comercial
Mugler Alien,Mugler,mugler-alien,ACTIVE,Default Title (PER-165),1,375x500.707.jpg,Nombre 375x500.N (coincide con el formato de Fragrantica),NO MODIFICADO: ya tiene imagen. Revisar derechos: origen probable sin licencia comercial
Mugler Angel,Mugler,mugler-angel,ACTIVE,Default Title (PER-166),1,375x500.704.jpg,Nombre 375x500.N (coincide con el formato de Fragrantica),NO MODIFICADO: ya tiene imagen. Revisar derechos: origen probable sin licencia comercial
Lancome Trésor,Lancome,lancome-tresor,ACTIVE,Default Title (PER-167),1,375x500.172.jpg,Nombre 375x500.N (coincide con el formato de Fragrantica),NO MODIFICADO: ya tiene imagen. Revisar derechos: origen probable sin licencia comercial
Gucci Bloom,Gucci,gucci-bloom,ACTIVE,Default Title (PER-168),1,375x500.44894.jpg,Nombre 375x500.N (coincide con el formato de Fragrantica),NO MODIFICADO: ya tiene imagen. Revisar derechos: origen probable sin licencia comercial
Gucci Flora Gorgeous Gardenia,Gucci,gucci-flora-gorgeous-gardenia,ACTIVE,Default Title (PER-169),1,375x500.68578.jpg,Nombre 375x500.N (coincide con el formato de Fragrantica),NO MODIFICADO: ya tiene imagen. Revisar derechos: origen probable sin licencia comercial
Valentino Voce Viva,Valentino,valentino-voce-viva,ACTIVE,Default Title (PER-170),1,375x500.62754.jpg,Nombre 375x500.N (coincide con el formato de Fragrantica),NO MODIFICADO: ya tiene imagen. Revisar derechos: origen probable sin licencia comercial
Marc Jacobs Daisy,Marc Jacobs,marc-jacobs-daisy,ACTIVE,Default Title (PER-171),1,375x500.1361.jpg,Nombre 375x500.N (coincide con el formato de Fragrantica),NO MODIFICADO: ya tiene imagen. Revisar derechos: origen probable sin licencia comercial
Burberry Her,Burberry,burberry-her,ACTIVE,Default Title (PER-172),1,375x500.51694.jpg,Nombre 375x500.N (coincide con el formato de Fragrantica),NO MODIFICADO: ya tiene imagen. Revisar derechos: origen probable sin licencia comercial
Givenchy L'Interdit EDP,Givenchy,givenchy-linterdit-edp,ACTIVE,Default Title (PER-173),1,375x500.51488.jpg,Nombre 375x500.N (coincide con el formato de Fragrantica),NO MODIFICADO: ya tiene imagen. Revisar derechos: origen probable sin licencia comercial
Chloé EDP,Chloé,chloe-edp,ACTIVE,Default Title (PER-174),1,375x500.1733.jpg,Nombre 375x500.N (coincide con el formato de Fragrantica),NO MODIFICADO: ya tiene imagen. Revisar derechos: origen probable sin licencia comercial
Narciso Rodriguez For Her EDP,Narciso Rodriguez,narciso-rodriguez-for-her-edp,ACTIVE,Default Title (PER-175),1,375x500.14319.jpg,Nombre 375x500.N (coincide con el formato de Fragrantica),NO MODIFICADO: ya tiene imagen. Revisar derechos: origen probable sin licencia comercial
Jean Paul Gaultier La Belle,Jean Paul Gaultier,jean-paul-gaultier-la-belle,ACTIVE,Default Title (PER-176),1,375x500.55786.jpg,Nombre 375x500.N (coincide con el formato de Fragrantica),NO MODIFICADO: ya tiene imagen. Revisar derechos: origen probable sin licencia comercial
Ariana Grande Cloud,Ariana Grande,ariana-grande-cloud,ACTIVE,Default Title (PER-177),1,375x500.50384.jpg,Nombre 375x500.N (coincide con el formato de Fragrantica),NO MODIFICADO: ya tiene imagen. Revisar derechos: origen probable sin licencia comercial
Burberry Goddess,Burberry,burberry-goddess,ACTIVE,Default Title (PER-178),1,375x500.83483.jpg,Nombre 375x500.N (coincide con el formato de Fragrantica),NO MODIFICADO: ya tiene imagen. Revisar derechos: origen probable sin licencia comercial
Tom Ford Black Orchid,Tom Ford,tom-ford-black-orchid,ACTIVE,Default Title (PER-179),1,375x500.1018.jpg,Nombre 375x500.N (coincide con el formato de Fragrantica),NO MODIFICADO: ya tiene imagen. Revisar derechos: origen probable sin licencia comercial
Armaf Odyssey Homme,Armaf,armaf-odyssey-homme,ACTIVE,Default Title (sin SKU),1,armaf-odyssey-homme.png,PNG con nombre del producto (origen desconocido),NO MODIFICADO: ya tiene imagen. Origen/licencia sin documentar
Armaf Odyssey Homme White Edition,Armaf,armaf-odyssey-homme-white-edition,ACTIVE,Default Title (sin SKU),1,armaf-odyssey-homme-white-edition.png,PNG con nombre del producto (origen desconocido),NO MODIFICADO: ya tiene imagen. Origen/licencia sin documentar
Armaf Odyssey Homme Limited Edition,Armaf,armaf-odyssey-homme-limited-edition,ACTIVE,Default Title (sin SKU),1,armaf-odyssey-homme-limited-edition.png,PNG con nombre del producto (origen desconocido),NO MODIFICADO: ya tiene imagen. Origen/licencia sin documentar
Armaf Odyssey Aqua,Armaf,armaf-odyssey-aqua,ACTIVE,Default Title (sin SKU),1,armaf-odyssey-aqua.png,PNG con nombre del producto (origen desconocido),NO MODIFICADO: ya tiene imagen. Origen/licencia sin documentar
Armaf Odyssey Spectra,Armaf,armaf-odyssey-spectra,ACTIVE,Default Title (sin SKU),1,armaf-odyssey-spectra.png,PNG con nombre del producto (origen desconocido),NO MODIFICADO: ya tiene imagen. Origen/licencia sin documentar
Armaf Odyssey Dubai Chocolat,Armaf,armaf-odyssey-dubai-chocolat,ACTIVE,Default Title (sin SKU),1,armaf-odyssey-dubai-chocolat.png,PNG con nombre del producto (origen desconocido),NO MODIFICADO: ya tiene imagen. Origen/licencia sin documentar
Armaf Odyssey Candee,Armaf,armaf-odyssey-candee,ACTIVE,Default Title (sin SKU),1,armaf-odyssey-candee.png,PNG con nombre del producto (origen desconocido),NO MODIFICADO: ya tiene imagen. Origen/licencia sin documentar
Armaf Odyssey Mega,Armaf,armaf-odyssey-mega,ACTIVE,Default Title (sin SKU),1,armaf-odyssey-mega.png,PNG con nombre del producto (origen desconocido),NO MODIFICADO: ya tiene imagen. Origen/licencia sin documentar
Armaf Odyssey Limoni,Armaf,armaf-odyssey-limoni,ACTIVE,Default Title (sin SKU),1,armaf-odyssey-limoni.png,PNG con nombre del producto (origen desconocido),NO MODIFICADO: ya tiene imagen. Origen/licencia sin documentar
Armaf Odyssey Tyrant,Armaf,armaf-odyssey-tyrant,ACTIVE,Default Title (sin SKU),1,armaf-odyssey-tyrant.png,PNG con nombre del producto (origen desconocido),NO MODIFICADO: ya tiene imagen. Origen/licencia sin documentar
Armaf Odyssey Mandarin Sky Elixir,Armaf,armaf-odyssey-mandarin-sky-elixir,ACTIVE,Default Title (sin SKU),1,armaf-odyssey-mandarin-sky-elixir.png,PNG con nombre del producto (origen desconocido),NO MODIFICADO: ya tiene imagen. Origen/licencia sin documentar
Armaf Odyssey Mandarin Sky Vintage Edition,Armaf,armaf-odyssey-mandarin-sky-vintage-edition,ACTIVE,Default Title (sin SKU),1,armaf-odyssey-mandarin-sky-vintage-edition.png,PNG con nombre del producto (origen desconocido),NO MODIFICADO: ya tiene imagen. Origen/licencia sin documentar
Armaf Odyssey Spectra Blue Edition,Armaf,armaf-odyssey-spectra-blue-edition,ACTIVE,Default Title (sin SKU),1,armaf-odyssey-spectra-blue-edition.png,PNG con nombre del producto (origen desconocido),NO MODIFICADO: ya tiene imagen. Origen/licencia sin documentar
Armaf Odyssey Artisto,Armaf,armaf-odyssey-artisto,ACTIVE,Default Title (sin SKU),1,armaf-odyssey-artisto.png,PNG con nombre del producto (origen desconocido),NO MODIFICADO: ya tiene imagen. Origen/licencia sin documentar
Armaf Odyssey Go Mango,Armaf,armaf-odyssey-go-mango,ACTIVE,Default Title (sin SKU),1,armaf-odyssey-go-mango.png,PNG con nombre del producto (origen desconocido),NO MODIFICADO: ya tiene imagen. Origen/licencia sin documentar
Armaf Odyssey Marshmallow,Armaf,armaf-odyssey-marshmallow,ACTIVE,Default Title (sin SKU),1,armaf-odyssey-marshmallow.png,PNG con nombre del producto (origen desconocido),NO MODIFICADO: ya tiene imagen. Origen/licencia sin documentar
Armaf Odyssey Soda Pop,Armaf,armaf-odyssey-soda-pop,ACTIVE,Default Title (sin SKU),1,armaf-odyssey-soda-pop.png,PNG con nombre del producto (origen desconocido),NO MODIFICADO: ya tiene imagen. Origen/licencia sin documentar
Armaf Odyssey Aoud,Armaf,armaf-odyssey-aoud,ACTIVE,Default Title (sin SKU),1,armaf-odyssey-aoud.png,PNG con nombre del producto (origen desconocido),NO MODIFICADO: ya tiene imagen. Origen/licencia sin documentar
Armaf Odyssey Wild One Gold Edition,Armaf,armaf-odyssey-wild-one-gold-edition,ACTIVE,Default Title (sin SKU),1,armaf-odyssey-wild-one-gold-edition.png,PNG con nombre del producto (origen desconocido),NO MODIFICADO: ya tiene imagen. Origen/licencia sin documentar
Rasasi Hawas Ice,Rasasi,rasasi-hawas-ice,ACTIVE,Default Title (sin SKU),1,rasasi-hawas-ice.png,PNG con nombre del producto (origen desconocido),NO MODIFICADO: ya tiene imagen. Origen/licencia sin documentar
Rasasi Hawas Fire,Rasasi,rasasi-hawas-fire,ACTIVE,Default Title (sin SKU),1,rasasi-hawas-fire.png,PNG con nombre del producto (origen desconocido),NO MODIFICADO: ya tiene imagen. Origen/licencia sin documentar
Rasasi Hawas Black,Rasasi,rasasi-hawas-black,ACTIVE,Default Title (sin SKU),1,rasasi-hawas-black.png,PNG con nombre del producto (origen desconocido),NO MODIFICADO: ya tiene imagen. Origen/licencia sin documentar
Rasasi Hawas Elixir,Rasasi,rasasi-hawas-elixir,ACTIVE,Default Title (sin SKU),1,rasasi-hawas-elixir.png,PNG con nombre del producto (origen desconocido),NO MODIFICADO: ya tiene imagen. Origen/licencia sin documentar
Rasasi Hawas Kobra,Rasasi,rasasi-hawas-kobra,ACTIVE,Default Title (sin SKU),1,rasasi-hawas-kobra.png,PNG con nombre del producto (origen desconocido),NO MODIFICADO: ya tiene imagen. Origen/licencia sin documentar
Rasasi Hawas Viper,Rasasi,rasasi-hawas-viper,ACTIVE,Default Title (sin SKU),1,rasasi-hawas-viper.png,PNG con nombre del producto (origen desconocido),NO MODIFICADO: ya tiene imagen. Origen/licencia sin documentar
Rasasi Hawas Sapphire,Rasasi,rasasi-hawas-sapphire,ACTIVE,Default Title (sin SKU),1,rasasi-hawas-sapphire.png,PNG con nombre del producto (origen desconocido),NO MODIFICADO: ya tiene imagen. Origen/licencia sin documentar
Rasasi Hawas Atlantis,Rasasi,rasasi-hawas-atlantis,ACTIVE,Default Title (sin SKU),1,rasasi-hawas-atlantis.png,PNG con nombre del producto (origen desconocido),NO MODIFICADO: ya tiene imagen. Origen/licencia sin documentar
Rasasi Hawas Pink,Rasasi,rasasi-hawas-pink,ACTIVE,Default Title (sin SKU),1,rasasi-hawas-pink.png,PNG con nombre del producto (origen desconocido),NO MODIFICADO: ya tiene imagen. Origen/licencia sin documentar
Rasasi Hawas Diva,Rasasi,rasasi-hawas-diva,ACTIVE,Default Title (sin SKU),1,rasasi-hawas-diva.png,PNG con nombre del producto (origen desconocido),NO MODIFICADO: ya tiene imagen. Origen/licencia sin documentar
Rasasi Hawas for Her,Rasasi,rasasi-hawas-for-her,ACTIVE,Default Title (sin SKU),1,rasasi-hawas-for-her.png,PNG con nombre del producto (origen desconocido),NO MODIFICADO: ya tiene imagen. Origen/licencia sin documentar
Rasasi Hawas for Her Eclat,Rasasi,rasasi-hawas-for-her-eclat,ACTIVE,Default Title (sin SKU),1,rasasi-hawas-for-her-eclat.png,PNG con nombre del producto (origen desconocido),NO MODIFICADO: ya tiene imagen. Origen/licencia sin documentar
Rasasi Hawas Thunder,Rasasi,rasasi-hawas-thunder,ACTIVE,Default Title (sin SKU),1,rasasi-hawas-thunder.png,PNG con nombre del producto (origen desconocido),NO MODIFICADO: ya tiene imagen. Origen/licencia sin documentar
Higginess,A confirmar,higginess,ACTIVE,Default Title (sin SKU),1,higginess.png,PNG con nombre del producto (origen desconocido),NO MODIFICADO: ya tiene imagen. Origen/licencia sin documentar
London,A confirmar,london,ACTIVE,Default Title (sin SKU),1,london.png,PNG con nombre del producto (origen desconocido),NO MODIFICADO: ya tiene imagen. Origen/licencia sin documentar
Lava Gold,A confirmar,lava-gold,ACTIVE,Default Title (sin SKU),1,lava-gold.png,PNG con nombre del producto (origen desconocido),NO MODIFICADO: ya tiene imagen. Origen/licencia sin documentar
Overdose,A confirmar,overdose,ACTIVE,Default Title (sin SKU),1,overdose.png,PNG con nombre del producto (origen desconocido),NO MODIFICADO: ya tiene imagen. Origen/licencia sin documentar
Exotic,A confirmar,exotic,ACTIVE,Default Title (sin SKU),1,exotic.png,PNG con nombre del producto (origen desconocido),NO MODIFICADO: ya tiene imagen. Origen/licencia sin documentar
Glitz,A confirmar,glitz,ACTIVE,Default Title (sin SKU),1,glitz.png,PNG con nombre del producto (origen desconocido),NO MODIFICADO: ya tiene imagen. Origen/licencia sin documentar
Alpha for Him,A confirmar,alpha-for-him,ACTIVE,Default Title (sin SKU),1,alpha-for-him.png,PNG con nombre del producto (origen desconocido),NO MODIFICADO: ya tiene imagen. Origen/licencia sin documentar
Lattafa Asad,Lattafa,lattafa-asad,ACTIVE,Default Title (sin SKU),1,lattafa-asad.png,PNG con nombre del producto (origen desconocido),NO MODIFICADO: ya tiene imagen. Origen/licencia sin documentar
Lattafa Asad Elixir,Lattafa,lattafa-asad-elixir,ACTIVE,Default Title (sin SKU),1,lattafa-asad-elixir.png,PNG con nombre del producto (origen desconocido),NO MODIFICADO: ya tiene imagen. Origen/licencia sin documentar
Lattafa Asad Bourbon,Lattafa,lattafa-asad-bourbon,ACTIVE,Default Title (sin SKU),1,lattafa-asad-bourbon.png,PNG con nombre del producto (origen desconocido),NO MODIFICADO: ya tiene imagen. Origen/licencia sin documentar
Lattafa Asad Zanzibar,Lattafa,lattafa-asad-zanzibar,ACTIVE,Default Title (sin SKU),1,lattafa-asad-zanzibar.png,PNG con nombre del producto (origen desconocido),NO MODIFICADO: ya tiene imagen. Origen/licencia sin documentar
Lattafa Yara,Lattafa,lattafa-yara,ACTIVE,Default Title (sin SKU),1,lattafa-yara.png,PNG con nombre del producto (origen desconocido),NO MODIFICADO: ya tiene imagen. Origen/licencia sin documentar
Lattafa Yara Moi,Lattafa,lattafa-yara-moi,ACTIVE,Default Title (sin SKU),1,lattafa-yara-moi.png,PNG con nombre del producto (origen desconocido),NO MODIFICADO: ya tiene imagen. Origen/licencia sin documentar
Lattafa Yara Tous,Lattafa,lattafa-yara-tous,ACTIVE,Default Title (sin SKU),1,lattafa-yara-tous.png,PNG con nombre del producto (origen desconocido),NO MODIFICADO: ya tiene imagen. Origen/licencia sin documentar
Lattafa Yara Candy,Lattafa,lattafa-yara-candy,ACTIVE,Default Title (sin SKU),1,lattafa-yara-candy.png,PNG con nombre del producto (origen desconocido),NO MODIFICADO: ya tiene imagen. Origen/licencia sin documentar
Lattafa Yara Elixir,Lattafa,lattafa-yara-elixir,ACTIVE,Default Title (sin SKU),1,lattafa-yara-elixir.png,PNG con nombre del producto (origen desconocido),NO MODIFICADO: ya tiene imagen. Origen/licencia sin documentar
Ralph Lauren Polo Blue Parfum,Ralph Lauren,ralph-lauren-polo-blue-parfum,ACTIVE,125 ml (sin SKU),1,ralph-lauren-polo-blue-parfum.png,PNG con nombre del producto (origen desconocido),NO MODIFICADO: ya tiene imagen. Origen/licencia sin documentar
Ralph Lauren Polo Deep Blue Parfum,Ralph Lauren,ralph-lauren-polo-deep-blue-parfum,ACTIVE,125 ml (sin SKU),1,ralph-lauren-polo-deep-blue-parfum.png,PNG con nombre del producto (origen desconocido),NO MODIFICADO: ya tiene imagen. Origen/licencia sin documentar
Ralph Lauren Polo Black EDT,Ralph Lauren,ralph-lauren-polo-black-edt,ACTIVE,125 ml (sin SKU),1,ralph-lauren-polo-black-edt.png,PNG con nombre del producto (origen desconocido),NO MODIFICADO: ya tiene imagen. Origen/licencia sin documentar
Carolina Herrera Bad Boy Cobalt,Carolina Herrera,carolina-herrera-bad-boy-cobalt,ACTIVE,100 ml (sin SKU),1,carolina-herrera-bad-boy-cobalt.png,PNG con nombre del producto (origen desconocido),NO MODIFICADO: ya tiene imagen. Origen/licencia sin documentar
Carolina Herrera 212 VIP Black Elixir,Carolina Herrera,carolina-herrera-212-vip-black-elixir,ACTIVE,100 ml (sin SKU); 200 ml (sin SKU),1,carolina-herrera-212-vip-black-elixir.png,PNG con nombre del producto (origen desconocido),NO MODIFICADO: ya tiene imagen. Origen/licencia sin documentar
Dolce & Gabbana Light Blue Pour Homme,Dolce & Gabbana,dolce-gabbana-light-blue-pour-homme,ACTIVE,100 ml (sin SKU),1,dolce-gabbana-light-blue-pour-homme.png,PNG con nombre del producto (origen desconocido),NO MODIFICADO: ya tiene imagen. Origen/licencia sin documentar
Dolce & Gabbana The One for Men EDT,Dolce & Gabbana,dolce-gabbana-the-one-for-men-edt,ACTIVE,Default Title (sin SKU),1,dolce-gabbana-the-one-for-men-edt.png,PNG con nombre del producto (origen desconocido),NO MODIFICADO: ya tiene imagen. Origen/licencia sin documentar
Dolce & Gabbana The One for Men EDP,Dolce & Gabbana,dolce-gabbana-the-one-for-men-edp-1,ACTIVE,Default Title (sin SKU),1,dolce-gabbana-the-one-for-men-edp.png,PNG con nombre del producto (origen desconocido),NO MODIFICADO: ya tiene imagen. Origen/licencia sin documentar
Giorgio Armani Acqua di Giò Profondo EDP,Giorgio Armani,giorgio-armani-acqua-di-gio-profondo-edp,ACTIVE,100 ml (sin SKU),1,giorgio-armani-acqua-di-gio-profondo-edp.png,PNG con nombre del producto (origen desconocido),NO MODIFICADO: ya tiene imagen. Origen/licencia sin documentar
Valentino Born in Roma Uomo Intense,Valentino,valentino-born-in-roma-uomo-intense,ACTIVE,50 ml (sin SKU),1,valentino-born-in-roma-uomo-intense.png,PNG con nombre del producto (origen desconocido),NO MODIFICADO: ya tiene imagen. Origen/licencia sin documentar
Giorgio Armani Stronger With You EDT,Giorgio Armani,giorgio-armani-stronger-with-you-edt,ACTIVE,Default Title (sin SKU),1,giorgio-armani-stronger-with-you-edt.png,PNG con nombre del producto (origen desconocido),NO MODIFICADO: ya tiene imagen. Origen/licencia sin documentar
Giorgio Armani Stronger With You Parfum,Giorgio Armani,giorgio-armani-stronger-with-you-parfum,ACTIVE,Default Title (sin SKU),1,giorgio-armani-stronger-with-you-parfum.png,PNG con nombre del producto (origen desconocido),NO MODIFICADO: ya tiene imagen. Origen/licencia sin documentar
Paco Rabanne 1 Million Black EDP,Paco Rabanne,paco-rabanne-1-million-black-edp,ACTIVE,Default Title (sin SKU),1,paco-rabanne-1-million-black-edp.png,PNG con nombre del producto (origen desconocido),NO MODIFICADO: ya tiene imagen. Origen/licencia sin documentar
Paco Rabanne 1 Million Elixir Parfum Intense,Paco Rabanne,paco-rabanne-1-million-elixir-parfum-intense,ACTIVE,Default Title (sin SKU),1,paco-rabanne-1-million-elixir-parfum-intense.png,PNG con nombre del producto (origen desconocido),NO MODIFICADO: ya tiene imagen. Origen/licencia sin documentar
Paco Rabanne 1 Million Golden Oud Parfum,Paco Rabanne,paco-rabanne-1-million-golden-oud-parfum,ACTIVE,100 ml (sin SKU),1,paco-rabanne-1-million-golden-oud-parfum.png,PNG con nombre del producto (origen desconocido),NO MODIFICADO: ya tiene imagen. Origen/licencia sin documentar
Versace Eros EDP,Versace,versace-eros-edp,ACTIVE,Default Title (sin SKU),1,versace-eros-edp.png,PNG con nombre del producto (origen desconocido),NO MODIFICADO: ya tiene imagen. Origen/licencia sin documentar
Yves Saint Laurent Y Le Parfum,Yves Saint Laurent,yves-saint-laurent-y-le-parfum,ACTIVE,100 ml (sin SKU),1,yves-saint-laurent-y-le-parfum.png,PNG con nombre del producto (origen desconocido),NO MODIFICADO: ya tiene imagen. Origen/licencia sin documentar
Yves Saint Laurent MYSLF L'Absolu,Yves Saint Laurent,yves-saint-laurent-myslf-labsolu,ACTIVE,60 ml (sin SKU); 100 ml (sin SKU),1,yves-saint-laurent-myslf-l-absolu.png,PNG con nombre del producto (origen desconocido),NO MODIFICADO: ya tiene imagen. Origen/licencia sin documentar
Lacoste Bleu EDP,Lacoste,lacoste-bleu-edp,ACTIVE,Default Title (sin SKU),1,lacoste-bleu-edp.png,PNG con nombre del producto (origen desconocido),NO MODIFICADO: ya tiene imagen. Origen/licencia sin documentar
Issey Miyake L'Eau d'Issey pour Homme EDP,Issey Miyake,issey-miyake-leau-dissey-pour-homme-edp,ACTIVE,Default Title (sin SKU),1,issey-miyake-l-eau-d-issey-pour-homme-edp.png,PNG con nombre del producto (origen desconocido),NO MODIFICADO: ya tiene imagen. Origen/licencia sin documentar
Jean Paul Gaultier Le Male In Blue,Jean Paul Gaultier,jean-paul-gaultier-le-male-in-blue,ACTIVE,125 ml (sin SKU),1,jean-paul-gaultier-le-male-in-blue.png,PNG con nombre del producto (origen desconocido),NO MODIFICADO: ya tiene imagen. Origen/licencia sin documentar
Jean Paul Gaultier Le Beau Paradise Garden,Jean Paul Gaultier,jean-paul-gaultier-le-beau-paradise-garden,ACTIVE,Default Title (sin SKU),1,jean-paul-gaultier-le-beau-paradise-garden.png,PNG con nombre del producto (origen desconocido),NO MODIFICADO: ya tiene imagen. Origen/licencia sin documentar
Jean Paul Gaultier Scandal Pour Homme Absolu,Jean Paul Gaultier,jean-paul-gaultier-scandal-pour-homme-absolu,ACTIVE,100 ml (sin SKU),1,jean-paul-gaultier-scandal-pour-homme-absolu.png,PNG con nombre del producto (origen desconocido),NO MODIFICADO: ya tiene imagen. Origen/licencia sin documentar
Jean Paul Gaultier Scandal Pour Homme Le Parfum,Jean Paul Gaultier,jean-paul-gaultier-scandal-pour-homme-le-parfum,ACTIVE,,1,jean-paul-gaultier-scandal-pour-homme-le-parfum.png,PNG con nombre del producto (origen desconocido),NO MODIFICADO: ya tiene imagen. Origen/licencia sin documentar
Jimmy Choo Man Parfum,Jimmy Choo,jimmy-choo-man-parfum,ACTIVE,,1,jimmy-choo-man-parfum.png,PNG con nombre del producto (origen desconocido),NO MODIFICADO: ya tiene imagen. Origen/licencia sin documentar
Bvlgari Man EDP,Bvlgari,bvlgari-man-edp,ACTIVE,,1,bvlgari-man-edp.png,PNG con nombre del producto (origen desconocido),NO MODIFICADO: ya tiene imagen. Origen/licencia sin documentar
Bvlgari Man Parfum,Bvlgari,bvlgari-man-parfum,ACTIVE,,1,bvlgari-man-parfum.png,PNG con nombre del producto (origen desconocido),NO MODIFICADO: ya tiene imagen. Origen/licencia sin documentar
Yves Saint Laurent Libre Flowers & Flames EDP,Yves Saint Laurent,yves-saint-laurent-libre-flowers-flames-edp,ACTIVE,,1,yves-saint-laurent-libre-flowers-flames-edp.png,PNG con nombre del producto (origen desconocido),NO MODIFICADO: ya tiene imagen. Origen/licencia sin documentar
Yves Saint Laurent Libre L'Eau Nue Parfum,Yves Saint Laurent,yves-saint-laurent-libre-leau-nue-parfum,ACTIVE,,1,yves-saint-laurent-libre-leau-nue-parfum.png,PNG con nombre del producto (origen desconocido),NO MODIFICADO: ya tiene imagen. Origen/licencia sin documentar
Givenchy L'Interdit Elixir,Givenchy,givenchy-linterdit-elixir,ACTIVE,,1,givenchy-linterdit-elixir.png,PNG con nombre del producto (origen desconocido),NO MODIFICADO: ya tiene imagen. Origen/licencia sin documentar
Narciso Rodriguez Pure Musc Blanc EDP,Narciso Rodriguez,narciso-rodriguez-pure-musc-blanc-edp,ACTIVE,,1,narciso-rodriguez-pure-musc-blanc-edp.png,PNG con nombre del producto (origen desconocido),NO MODIFICADO: ya tiene imagen. Origen/licencia sin documentar
Paco Rabanne Million Red Parfum,Paco Rabanne,paco-rabanne-million-red-parfum,ACTIVE,,1,paco-rabanne-million-red-parfum.png,PNG con nombre del producto (origen desconocido),NO MODIFICADO: ya tiene imagen. Origen/licencia sin documentar
Paco Rabanne Olympéa Absolu,Paco Rabanne,paco-rabanne-olympea-absolu,ACTIVE,,1,paco-rabanne-olympea-absolu.png,PNG con nombre del producto (origen desconocido),NO MODIFICADO: ya tiene imagen. Origen/licencia sin documentar
Giorgio Armani Code Femme EDP,Giorgio Armani,giorgio-armani-code-femme-edp,ACTIVE,,1,giorgio-armani-code-femme-edp.png,PNG con nombre del producto (origen desconocido),NO MODIFICADO: ya tiene imagen. Origen/licencia sin documentar
Calvin Klein Euphoria Magnetic Elixir,Calvin Klein,calvin-klein-euphoria-magnetic-elixir,ACTIVE,,1,calvin-klein-euphoria-magnetic-elixir.png,PNG con nombre del producto (origen desconocido),NO MODIFICADO: ya tiene imagen. Origen/licencia sin documentar
Lancôme Trésor L'Eau de Parfum,Lancôme,lancome-tresor-leau-de-parfum,ACTIVE,,1,lancome-tresor-leau-de-parfum.png,PNG con nombre del producto (origen desconocido),NO MODIFICADO: ya tiene imagen. Origen/licencia sin documentar
Prada Paradoxe Intense EDP,Prada,prada-paradoxe-intense-edp,ACTIVE,,1,prada-paradoxe-intense-edp.png,PNG con nombre del producto (origen desconocido),NO MODIFICADO: ya tiene imagen. Origen/licencia sin documentar
Lancôme La Vie Est Belle Vanille Nude,Lancôme,lancome-la-vie-est-belle-vanille-nude,ACTIVE,,1,lancome-la-vie-est-belle-vanille-nude.png,PNG con nombre del producto (origen desconocido),NO MODIFICADO: ya tiene imagen. Origen/licencia sin documentar
Lancôme La Vie Est Belle Very Cherry Elixir,Lancôme,lancome-la-vie-est-belle-very-cherry-elixir,ACTIVE,,1,lancome-la-vie-est-belle-very-cherry-elixir.png,PNG con nombre del producto (origen desconocido),NO MODIFICADO: ya tiene imagen. Origen/licencia sin documentar
Giorgio Armani Acqua di Gioia EDP,Giorgio Armani,giorgio-armani-acqua-di-gioia-edp,ACTIVE,,1,giorgio-armani-acqua-di-gioia-edp.png,PNG con nombre del producto (origen desconocido),NO MODIFICADO: ya tiene imagen. Origen/licencia sin documentar
Tommy Hilfiger Tommy,Tommy Hilfiger,tommy-hilfiger-tommy,ACTIVE,,1,tommy-hilfiger-tommy.png,PNG con nombre del producto (origen desconocido),NO MODIFICADO: ya tiene imagen. Origen/licencia sin documentar
Tommy Hilfiger Tommy Girl,Tommy Hilfiger,tommy-hilfiger-tommy-girl,ACTIVE,,1,tommy-hilfiger-tommy-girl.png,PNG con nombre del producto (origen desconocido),NO MODIFICADO: ya tiene imagen. Origen/licencia sin documentar
