N°,Categoría,Género,Marca,Perfume,Concentración,Tamaño (ml),¿Lo tenés?,Precio por unidad ($U),Observaciones,Estado en NovaParfum
Ejemplo,Árabe,Dama,Lattafa,Yara,EDP,100,Sí,2050,También tengo Yara Moi y Yara Tous,
1,Árabe,Caballero,A confirmar (lista Hawas),Alpha for Him,,100,,,,En la web
2,Árabe,Unisex,Afnan,9AM Dive,EDP,100,,,,Nuevo (recomendado)
3,Árabe,Caballero,Afnan,9PM,EDP,100,,,,Nuevo (recomendado)
4,Árabe,Caballero,Afnan,9PM Rebel,EDP,100,,,,Nuevo (recomendado)
5,Árabe,Caballero,Afnan,Supremacy Silver,EDP,100,,,,Nuevo (recomendado)
6,Árabe,Caballero,Afnan,Turathi Blue,EDP,90,,,,Nuevo (recomendado)
7,Árabe,Unisex,Al Haramain,Amber Oud,,125,,,,En la web
7,Árabe,Unisex,Al Haramain,Amber Oud,,200,,,,En la web
8,Árabe,Unisex,Al Haramain,Amber Oud Gold Edition,EDP,60,,,,Nuevo (recomendado)
8,Árabe,Unisex,Al Haramain,Amber Oud Gold Edition,EDP,120,,,,Nuevo (recomendado)
9,Árabe,Caballero,Al Haramain,L'Aventure,EDP,100,,,,Nuevo (recomendado)
10,Árabe,Caballero,Armaf,Club de Nuit Iconic,EDP,105,,,,Nuevo (recomendado)
11,Árabe,Caballero,Armaf,Club de Nuit Intense Man,EDT,105,,,,Nuevo (recomendado)
12,Árabe,Unisex,Armaf,Club de Nuit Milestone,EDP,105,,,,Nuevo (recomendado)
13,Árabe,Unisex,Armaf,Club de Nuit Sillage,EDP,105,,,,Nuevo (recomendado)
14,Árabe,Unisex,Armaf,Club de Nuit Untold,EDP,105,,,,Nuevo (recomendado)
15,Árabe,Dama,Armaf,Club de Nuit Woman,EDP,105,,,,Nuevo (recomendado)
16,Árabe,Caballero,Armaf,Odyssey Aoud,,100,,,,En la web
17,Árabe,Caballero,Armaf,Odyssey Aqua,,100,,,,En la web
18,Árabe,Caballero,Armaf,Odyssey Artisto,,100,,,,En la web
19,Árabe,Dama,Armaf,Odyssey Candee,,100,,,,En la web
20,Árabe,Unisex,Armaf,Odyssey Dubai Chocolat,,100,,,,En la web
21,Árabe,Unisex,Armaf,Odyssey Go Mango,,100,,,,En la web
22,Árabe,Caballero,Armaf,Odyssey Homme,,100,,,,En la web
23,Árabe,Caballero,Armaf,Odyssey Homme Limited Edition,,100,,,,En la web
24,Árabe,Caballero,Armaf,Odyssey Homme White Edition,,100,,,,En la web
25,Árabe,Unisex,Armaf,Odyssey Limoni,,100,,,,En la web
26,Árabe,Caballero,Armaf,Odyssey Mandarin Sky Elixir,Elixir,100,,,,En la web
27,Árabe,Caballero,Armaf,Odyssey Mandarin Sky Vintage Edition,,100,,,,En la web
28,Árabe,Dama,Armaf,Odyssey Marshmallow,,100,,,,En la web
29,Árabe,Caballero,Armaf,Odyssey Mega,,100,,,,En la web
30,Árabe,Unisex,Armaf,Odyssey Soda Pop,,100,,,,En la web
31,Árabe,Unisex,Armaf,Odyssey Spectra,,100,,,,En la web
32,Árabe,Unisex,Armaf,Odyssey Spectra Blue Edition,,100,,,,En la web
33,Árabe,Unisex,Armaf,Odyssey Toffee Coffee,EDP,100,,,,Nuevo (recomendado)
34,Árabe,Caballero,Armaf,Odyssey Tyrant,,100,,,,En la web
35,Árabe,Caballero,Armaf,Odyssey Wild One Gold Edition,,100,,,,En la web
36,Árabe,Caballero,Bharara,King,EDP,100,,,,Nuevo (recomendado)
37,Árabe,Caballero,French Avenue,Liquid Brun,EDP,100,,,,Nuevo (recomendado)
38,Árabe,Unisex,Lattafa,Ajwad,EDP,60,,,,Nuevo (recomendado)
39,Árabe,Unisex,Lattafa,Ana Abiyedh,EDP,60,,,,Nuevo (recomendado)
40,Árabe,Unisex,Lattafa,Ana Abiyedh Rouge,EDP,60,,,,Nuevo (recomendado)
41,Árabe,Caballero,Lattafa,Asad,,100,,,,En la web
42,Árabe,Caballero,Lattafa,Asad Bourbon,,100,,,,En la web
43,Árabe,Caballero,Lattafa,Asad Elixir,Elixir,100,,,,En la web
44,Árabe,Caballero,Lattafa,Asad Zanzibar,,100,,,,En la web
45,Árabe,Unisex,Lattafa,Bade'e Al Oud Amethyst,EDP,100,,,,Nuevo (recomendado)
46,Árabe,Unisex,Lattafa,Bade'e Al Oud Honor & Glory,EDP,100,,,,Nuevo (recomendado)
47,Árabe,Unisex,Lattafa,Bade'e Al Oud Sublime,EDP,100,,,,Nuevo (recomendado)
48,Árabe,Dama,Lattafa,Eclaire,EDP,100,,,,Nuevo (recomendado)
49,Árabe,Caballero,Lattafa,Emeer,EDP,100,,,,Nuevo (recomendado)
50,Árabe,Caballero,Lattafa,Fakhar Black,EDP,100,,,,Nuevo (recomendado)
51,Árabe,Dama,Lattafa,Fakhar Rose,EDP,100,,,,Nuevo (recomendado)
52,Árabe,Dama,Lattafa,Haya,EDP,100,,,,Nuevo (recomendado)
53,Árabe,Caballero,Lattafa,Hayaati,EDP,100,,,,Nuevo (recomendado)
54,Árabe,Unisex,Lattafa,Khamrah,EDP,100,,,,Nuevo (recomendado)
55,Árabe,Unisex,Lattafa,Khamrah Dukhan,EDP,100,,,,Nuevo (recomendado)
56,Árabe,Unisex,Lattafa,Khamrah Qahwa,EDP,100,,,,Nuevo (recomendado)
57,Árabe,Dama,Lattafa,Mayar,EDP,100,,,,Nuevo (recomendado)
58,Árabe,Dama,Lattafa,Mayar Cherry Intense,EDP,100,,,,Nuevo (recomendado)
59,Árabe,Unisex,Lattafa,Musamam,EDP,100,,,,Nuevo (recomendado)
60,Árabe,Unisex,Lattafa,Nebras,EDP,100,,,,Nuevo (recomendado)
61,Árabe,Unisex,Lattafa,Qaed Al Fursan,EDP,90,,,,Nuevo (recomendado)
62,Árabe,Unisex,Lattafa,Ramz Silver,EDP,100,,,,Nuevo (recomendado)
63,Árabe,Unisex,Lattafa,Teriaq,EDP,100,,,,Nuevo (recomendado)
64,Árabe,Dama,Lattafa,Yara,,100,,,,En la web
65,Árabe,Dama,Lattafa,Yara Candy,,100,,,,En la web
66,Árabe,Dama,Lattafa,Yara Elixir,Elixir,100,,,,En la web
67,Árabe,Dama,Lattafa,Yara Moi,,100,,,,En la web
68,Árabe,Dama,Lattafa,Yara Tous,,100,,,,En la web
69,Árabe,Caballero,Maison Alhambra,Salvo,EDP,100,,,,Nuevo (recomendado)
70,Árabe,Caballero,Rasasi,Hawas Atlantis,,100,,,,En la web
71,Árabe,Caballero,Rasasi,Hawas Black,,100,,,,En la web
72,Árabe,Dama,Rasasi,Hawas Diva,EDP,100,,,,Nuevo (recomendado)
73,Árabe,Caballero,Rasasi,Hawas Elixir,Elixir,100,,,,En la web
74,Árabe,A confirmar,Rasasi,Hawas Exotic,EDP,100,,,,Nuevo (recomendado)
75,Árabe,Caballero,Rasasi,Hawas Fire,,100,,,,En la web
76,Árabe,Dama,Rasasi,Hawas for Her,,100,,,,En la web
77,Árabe,Dama,Rasasi,Hawas for Her Éclat,EDP,100,,,,Nuevo (recomendado)
78,Árabe,A confirmar,Rasasi,Hawas Glitz,EDP,100,,,,Nuevo (recomendado)
79,Árabe,A confirmar,Rasasi,Hawas Highness,EDP,100,,,,Nuevo (recomendado)
80,Árabe,Caballero,Rasasi,Hawas Ice,,100,,,,En la web
81,Árabe,Caballero,Rasasi,Hawas Kobra,,100,,,,En la web
82,Árabe,A confirmar,Rasasi,Hawas Lava Gold,EDP,100,,,,Nuevo (recomendado)
83,Árabe,A confirmar,Rasasi,Hawas London,EDP,100,,,,Nuevo (recomendado)
84,Árabe,A confirmar,Rasasi,Hawas Overdose,EDP,100,,,,Nuevo (recomendado)
85,Árabe,Dama,Rasasi,Hawas Pink,,100,,,,En la web
86,Árabe,Caballero,Rasasi,Hawas Sapphire,,100,,,,En la web
87,Árabe,Caballero,Rasasi,Hawas Thunder,EDP,100,,,,Nuevo (recomendado)
88,Árabe,Caballero,Rasasi,Hawas Viper,,100,,,,En la web
89,Diseñador,Caballero,Antonio Banderas,Blue Seduction,EDT,50,,,,Nuevo (recomendado)
89,Diseñador,Caballero,Antonio Banderas,Blue Seduction,EDT,100,,,,Nuevo (recomendado)
89,Diseñador,Caballero,Antonio Banderas,Blue Seduction,EDT,200,,,,Nuevo (recomendado)
90,Diseñador,Dama,Antonio Banderas,Her Golden Secret,EDT,50,,,,Nuevo (recomendado)
90,Diseñador,Dama,Antonio Banderas,Her Golden Secret,EDT,80,,,,Nuevo (recomendado)
91,Diseñador,Caballero,Antonio Banderas,King of Seduction,EDT,50,,,,Nuevo (recomendado)
91,Diseñador,Caballero,Antonio Banderas,King of Seduction,EDT,100,,,,Nuevo (recomendado)
91,Diseñador,Caballero,Antonio Banderas,King of Seduction,EDT,200,,,,Nuevo (recomendado)
92,Diseñador,Caballero,Antonio Banderas,The Golden Secret,EDT,50,,,,Nuevo (recomendado)
92,Diseñador,Caballero,Antonio Banderas,The Golden Secret,EDT,100,,,,Nuevo (recomendado)
92,Diseñador,Caballero,Antonio Banderas,The Golden Secret,EDT,200,,,,Nuevo (recomendado)
93,Diseñador,Dama,Ariana Grande,Cloud,,30,,,,En la web
93,Diseñador,Dama,Ariana Grande,Cloud,,50,,,,En la web
93,Diseñador,Dama,Ariana Grande,Cloud,,100,,,,En la web
94,Diseñador,Dama,Ariana Grande,Cloud Pink,EDP,30,,,,Nuevo (recomendado)
94,Diseñador,Dama,Ariana Grande,Cloud Pink,EDP,50,,,,Nuevo (recomendado)
94,Diseñador,Dama,Ariana Grande,Cloud Pink,EDP,100,,,,Nuevo (recomendado)
95,Diseñador,Dama,Ariana Grande,Sweet Like Candy,EDP,30,,,,Nuevo (recomendado)
95,Diseñador,Dama,Ariana Grande,Sweet Like Candy,EDP,50,,,,Nuevo (recomendado)
95,Diseñador,Dama,Ariana Grande,Sweet Like Candy,EDP,100,,,,Nuevo (recomendado)
96,Diseñador,Dama,Ariana Grande,"Thank U, Next",EDP,30,,,,Nuevo (recomendado)
96,Diseñador,Dama,Ariana Grande,"Thank U, Next",EDP,100,,,,Nuevo (recomendado)
97,Diseñador,Caballero,Azzaro,The Most Wanted,,50,,,,En la web
97,Diseñador,Caballero,Azzaro,The Most Wanted,,100,,,,En la web
98,Diseñador,Caballero,Azzaro,Wanted by Night,EDP,50,,,,Nuevo (recomendado)
98,Diseñador,Caballero,Azzaro,Wanted by Night,EDP,100,,,,Nuevo (recomendado)
99,Diseñador,Dama,Burberry,Goddess,,30,,,,En la web
99,Diseñador,Dama,Burberry,Goddess,,50,,,,En la web
99,Diseñador,Dama,Burberry,Goddess,,100,,,,En la web
100,Diseñador,Dama,Burberry,Her,,30,,,,En la web
100,Diseñador,Dama,Burberry,Her,,50,,,,En la web
100,Diseñador,Dama,Burberry,Her,,100,,,,En la web
101,Diseñador,Dama,Burberry,Her Elixir,EDP,30,,,,Nuevo (recomendado)
101,Diseñador,Dama,Burberry,Her Elixir,EDP,50,,,,Nuevo (recomendado)
101,Diseñador,Dama,Burberry,Her Elixir,EDP,100,,,,Nuevo (recomendado)
102,Diseñador,Caballero,Burberry,Hero,,30,,,,En la web
102,Diseñador,Caballero,Burberry,Hero,,50,,,,En la web
102,Diseñador,Caballero,Burberry,Hero,,100,,,,En la web
103,Diseñador,Caballero,Bvlgari,Aqva Pour Homme,EDT,50,,,,Nuevo (recomendado)
103,Diseñador,Caballero,Bvlgari,Aqva Pour Homme,EDT,100,,,,Nuevo (recomendado)
104,Diseñador,Caballero,Bvlgari,Man EDP,EDP,60,,,,En la web
104,Diseñador,Caballero,Bvlgari,Man EDP,EDP,100,,,,En la web
105,Diseñador,Caballero,Bvlgari,Man Parfum,Parfum,60,,,,En la web
105,Diseñador,Caballero,Bvlgari,Man Parfum,Parfum,100,,,,En la web
106,Diseñador,Unisex,Calvin Klein,CK One,,100,,,,En la web
106,Diseñador,Unisex,Calvin Klein,CK One,,200,,,,En la web
107,Diseñador,Dama,Calvin Klein,Euphoria,,30,,,,En la web
107,Diseñador,Dama,Calvin Klein,Euphoria,,50,,,,En la web
107,Diseñador,Dama,Calvin Klein,Euphoria,,100,,,,En la web
108,Diseñador,Dama,Calvin Klein,Euphoria Magnetic Elixir,Elixir,100,,,,En la web
109,Diseñador,Caballero,Carolina Herrera,212 Men,,100,,,,En la web
109,Diseñador,Caballero,Carolina Herrera,212 Men,,200,,,,En la web
110,Diseñador,Dama,Carolina Herrera,212 NYC (mujer),,100,,,,En la web
111,Diseñador,Caballero,Carolina Herrera,212 Sexy Men,,100,,,,En la web
112,Diseñador,Caballero,Carolina Herrera,212 VIP Black,,50,,,,En la web
112,Diseñador,Caballero,Carolina Herrera,212 VIP Black,,100,,,,En la web
113,Diseñador,Caballero,Carolina Herrera,212 VIP Black Elixir,Elixir,50,,,,En la web
113,Diseñador,Caballero,Carolina Herrera,212 VIP Black Elixir,Elixir,100,,,,En la web
113,Diseñador,Caballero,Carolina Herrera,212 VIP Black Elixir,Elixir,200,,,,En la web
114,Diseñador,Caballero,Carolina Herrera,212 VIP Men,,50,,,,En la web
114,Diseñador,Caballero,Carolina Herrera,212 VIP Men,,100,,,,En la web
115,Diseñador,Dama,Carolina Herrera,212 VIP Rose,,50,,,,En la web
115,Diseñador,Dama,Carolina Herrera,212 VIP Rose,,80,,,,En la web
116,Diseñador,Dama,Carolina Herrera,212 VIP Rose Elixir,Elixir,50,,,,En la web
116,Diseñador,Dama,Carolina Herrera,212 VIP Rose Elixir,Elixir,80,,,,En la web
117,Diseñador,Caballero,Carolina Herrera,Bad Boy,,50,,,,En la web
117,Diseñador,Caballero,Carolina Herrera,Bad Boy,,100,,,,En la web
117,Diseñador,Caballero,Carolina Herrera,Bad Boy,,150,,,,En la web
118,Diseñador,Caballero,Carolina Herrera,Bad Boy Cobalt,,50,,,,En la web
118,Diseñador,Caballero,Carolina Herrera,Bad Boy Cobalt,,100,,,,En la web
119,Diseñador,Caballero,Carolina Herrera,Bad Boy Elixir,EDP,50,,,,Nuevo (recomendado)
119,Diseñador,Caballero,Carolina Herrera,Bad Boy Elixir,EDP,100,,,,Nuevo (recomendado)
120,Diseñador,Caballero,Carolina Herrera,Bad Boy Le Parfum,Parfum,50,,,,En la web
120,Diseñador,Caballero,Carolina Herrera,Bad Boy Le Parfum,Parfum,100,,,,En la web
121,Diseñador,Dama,Carolina Herrera,Good Girl,,30,,,,En la web
121,Diseñador,Dama,Carolina Herrera,Good Girl,,50,,,,En la web
121,Diseñador,Dama,Carolina Herrera,Good Girl,,80,,,,En la web
122,Diseñador,Dama,Carolina Herrera,Good Girl Blush,,30,,,,En la web
122,Diseñador,Dama,Carolina Herrera,Good Girl Blush,,50,,,,En la web
122,Diseñador,Dama,Carolina Herrera,Good Girl Blush,,80,,,,En la web
123,Diseñador,Dama,Carolina Herrera,Good Girl Supreme,EDP,30,,,,Nuevo (recomendado)
123,Diseñador,Dama,Carolina Herrera,Good Girl Supreme,EDP,50,,,,Nuevo (recomendado)
123,Diseñador,Dama,Carolina Herrera,Good Girl Supreme,EDP,80,,,,Nuevo (recomendado)
124,Diseñador,Dama,Carolina Herrera,Good Girl Very,,30,,,,En la web
124,Diseñador,Dama,Carolina Herrera,Good Girl Very,,50,,,,En la web
124,Diseñador,Dama,Carolina Herrera,Good Girl Very,,80,,,,En la web
125,Diseñador,Dama,Carolina Herrera,La Bomba,,50,,,,En la web
125,Diseñador,Dama,Carolina Herrera,La Bomba,,80,,,,En la web
126,Diseñador,Caballero,Chanel,Allure Homme Sport,,100,,,,En la web
126,Diseñador,Caballero,Chanel,Allure Homme Sport,,150,,,,En la web
127,Diseñador,Caballero,Chanel,Allure Homme Édition Blanche,EDP,100,,,,Nuevo (recomendado)
128,Diseñador,Caballero,Chanel,Bleu de Chanel,,50,,,,En la web
128,Diseñador,Caballero,Chanel,Bleu de Chanel,,100,,,,En la web
128,Diseñador,Caballero,Chanel,Bleu de Chanel,,150,,,,En la web
129,Diseñador,Caballero,Chanel,Bleu de Chanel Parfum,Parfum,50,,,,Nuevo (recomendado)
129,Diseñador,Caballero,Chanel,Bleu de Chanel Parfum,Parfum,100,,,,Nuevo (recomendado)
130,Diseñador,Dama,Chanel,Chance Eau Fraîche,EDT,50,,,,Nuevo (recomendado)
130,Diseñador,Dama,Chanel,Chance Eau Fraîche,EDT,100,,,,Nuevo (recomendado)
131,Diseñador,Dama,Chanel,Chance Eau Tendre,,50,,,,En la web
131,Diseñador,Dama,Chanel,Chance Eau Tendre,,100,,,,En la web
132,Diseñador,Dama,Chanel,Coco Mademoiselle,,35,,,,En la web
132,Diseñador,Dama,Chanel,Coco Mademoiselle,,50,,,,En la web
132,Diseñador,Dama,Chanel,Coco Mademoiselle,,100,,,,En la web
133,Diseñador,Dama,Chanel,N°5 EDP,EDP,35,,,,En la web
133,Diseñador,Dama,Chanel,N°5 EDP,EDP,50,,,,En la web
133,Diseñador,Dama,Chanel,N°5 EDP,EDP,100,,,,En la web
134,Diseñador,Dama,Chloé,Chloé,EDP,30,,,,En la web
134,Diseñador,Dama,Chloé,Chloé,EDP,50,,,,En la web
134,Diseñador,Dama,Chloé,Chloé,EDP,75,,,,En la web
135,Diseñador,Caballero,Diesel,Only The Brave,,50,,,,En la web
135,Diseñador,Caballero,Diesel,Only The Brave,,75,,,,En la web
135,Diseñador,Caballero,Diesel,Only The Brave,,125,,,,En la web
136,Diseñador,Caballero,Dior,Fahrenheit,,100,,,,En la web
136,Diseñador,Caballero,Dior,Fahrenheit,,200,,,,En la web
137,Diseñador,Caballero,Dior,Homme Intense,,100,,,,En la web
138,Diseñador,Dama,Dior,Hypnotic Poison,,30,,,,En la web
138,Diseñador,Dama,Dior,Hypnotic Poison,,50,,,,En la web
138,Diseñador,Dama,Dior,Hypnotic Poison,,100,,,,En la web
139,Diseñador,Dama,Dior,J'adore,,30,,,,En la web
139,Diseñador,Dama,Dior,J'adore,,50,,,,En la web
139,Diseñador,Dama,Dior,J'adore,,100,,,,En la web
140,Diseñador,Dama,Dior,Miss Dior Blooming Bouquet,EDT,30,,,,Nuevo (recomendado)
140,Diseñador,Dama,Dior,Miss Dior Blooming Bouquet,EDT,50,,,,Nuevo (recomendado)
140,Diseñador,Dama,Dior,Miss Dior Blooming Bouquet,EDT,100,,,,Nuevo (recomendado)
141,Diseñador,Dama,Dior,Miss Dior EDP,EDP,30,,,,En la web
141,Diseñador,Dama,Dior,Miss Dior EDP,EDP,50,,,,En la web
141,Diseñador,Dama,Dior,Miss Dior EDP,EDP,100,,,,En la web
142,Diseñador,Caballero,Dior,Sauvage EDP,EDP,60,,,,En la web
142,Diseñador,Caballero,Dior,Sauvage EDP,EDP,100,,,,En la web
142,Diseñador,Caballero,Dior,Sauvage EDP,EDP,200,,,,En la web
143,Diseñador,Caballero,Dior,Sauvage EDT,EDT,60,,,,Nuevo (recomendado)
143,Diseñador,Caballero,Dior,Sauvage EDT,EDT,100,,,,Nuevo (recomendado)
143,Diseñador,Caballero,Dior,Sauvage EDT,EDT,200,,,,Nuevo (recomendado)
144,Diseñador,Caballero,Dior,Sauvage Elixir,Elixir,60,,,,En la web
144,Diseñador,Caballero,Dior,Sauvage Elixir,Elixir,100,,,,En la web
145,Diseñador,Caballero,Dior,Sauvage Parfum,Parfum,60,,,,Nuevo (recomendado)
145,Diseñador,Caballero,Dior,Sauvage Parfum,Parfum,100,,,,Nuevo (recomendado)
146,Diseñador,Dama,Dolce & Gabbana,Devotion,,30,,,,En la web
146,Diseñador,Dama,Dolce & Gabbana,Devotion,,50,,,,En la web
146,Diseñador,Dama,Dolce & Gabbana,Devotion,,100,,,,En la web
147,Diseñador,Caballero,Dolce & Gabbana,K by Dolce & Gabbana,EDP,50,,,,Nuevo (recomendado)
147,Diseñador,Caballero,Dolce & Gabbana,K by Dolce & Gabbana,EDP,100,,,,Nuevo (recomendado)
148,Diseñador,Dama,Dolce & Gabbana,Light Blue (mujer),,25,,,,En la web
148,Diseñador,Dama,Dolce & Gabbana,Light Blue (mujer),,50,,,,En la web
148,Diseñador,Dama,Dolce & Gabbana,Light Blue (mujer),,100,,,,En la web
149,Diseñador,Dama,Dolce & Gabbana,Light Blue Intense (mujer),EDP,25,,,,Nuevo (recomendado)
149,Diseñador,Dama,Dolce & Gabbana,Light Blue Intense (mujer),EDP,50,,,,Nuevo (recomendado)
149,Diseñador,Dama,Dolce & Gabbana,Light Blue Intense (mujer),EDP,100,,,,Nuevo (recomendado)
150,Diseñador,Caballero,Dolce & Gabbana,Light Blue Pour Homme,,75,,,,En la web
150,Diseñador,Caballero,Dolce & Gabbana,Light Blue Pour Homme,,100,,,,En la web
150,Diseñador,Caballero,Dolce & Gabbana,Light Blue Pour Homme,,125,,,,En la web
151,Diseñador,Dama,Dolce & Gabbana,The One (mujer),,30,,,,En la web
151,Diseñador,Dama,Dolce & Gabbana,The One (mujer),,50,,,,En la web
151,Diseñador,Dama,Dolce & Gabbana,The One (mujer),,75,,,,En la web
152,Diseñador,Caballero,Dolce & Gabbana,The One for Men EDP,EDP,50,,,,En la web
152,Diseñador,Caballero,Dolce & Gabbana,The One for Men EDP,EDP,100,,,,En la web
153,Diseñador,Caballero,Dolce & Gabbana,The One for Men EDT,EDT,50,,,,En la web
153,Diseñador,Caballero,Dolce & Gabbana,The One for Men EDT,EDT,100,,,,En la web
154,Diseñador,Dama,Giorgio Armani,Acqua di Gioia EDP,EDP,30,,,,En la web
154,Diseñador,Dama,Giorgio Armani,Acqua di Gioia EDP,EDP,50,,,,En la web
154,Diseñador,Dama,Giorgio Armani,Acqua di Gioia EDP,EDP,100,,,,En la web
155,Diseñador,Caballero,Giorgio Armani,Acqua di Giò (hombre),,50,,,,En la web
155,Diseñador,Caballero,Giorgio Armani,Acqua di Giò (hombre),,100,,,,En la web
155,Diseñador,Caballero,Giorgio Armani,Acqua di Giò (hombre),,200,,,,En la web
156,Diseñador,Caballero,Giorgio Armani,Acqua di Giò Parfum,Parfum,75,,,,Nuevo (recomendado)
156,Diseñador,Caballero,Giorgio Armani,Acqua di Giò Parfum,Parfum,125,,,,Nuevo (recomendado)
157,Diseñador,Caballero,Giorgio Armani,Acqua di Giò Profondo EDP,EDP,75,,,,En la web
157,Diseñador,Caballero,Giorgio Armani,Acqua di Giò Profondo EDP,EDP,100,,,,En la web
157,Diseñador,Caballero,Giorgio Armani,Acqua di Giò Profondo EDP,EDP,125,,,,En la web
158,Diseñador,Caballero,Giorgio Armani,Acqua di Giò Profumo,Parfum,75,,,,En la web
158,Diseñador,Caballero,Giorgio Armani,Acqua di Giò Profumo,Parfum,125,,,,En la web
159,Diseñador,Caballero,Giorgio Armani,Armani Code (hombre),,75,,,,En la web
159,Diseñador,Caballero,Giorgio Armani,Armani Code (hombre),,125,,,,En la web
160,Diseñador,Dama,Giorgio Armani,Because It's You,EDP,50,,,,Nuevo (recomendado)
160,Diseñador,Dama,Giorgio Armani,Because It's You,EDP,100,,,,Nuevo (recomendado)
161,Diseñador,Dama,Giorgio Armani,Code Femme EDP,EDP,30,,,,En la web
161,Diseñador,Dama,Giorgio Armani,Code Femme EDP,EDP,50,,,,En la web
161,Diseñador,Dama,Giorgio Armani,Code Femme EDP,EDP,75,,,,En la web
162,Diseñador,Caballero,Giorgio Armani,Code Parfum,Parfum,75,,,,Nuevo (recomendado)
162,Diseñador,Caballero,Giorgio Armani,Code Parfum,Parfum,125,,,,Nuevo (recomendado)
163,Diseñador,Dama,Giorgio Armani,My Way,,30,,,,En la web
163,Diseñador,Dama,Giorgio Armani,My Way,,50,,,,En la web
163,Diseñador,Dama,Giorgio Armani,My Way,,90,,,,En la web
164,Diseñador,Caballero,Giorgio Armani,Stronger With You EDT,EDT,50,,,,En la web
164,Diseñador,Caballero,Giorgio Armani,Stronger With You EDT,EDT,100,,,,En la web
165,Diseñador,Caballero,Giorgio Armani,Stronger With You Intensely,,50,,,,En la web
165,Diseñador,Caballero,Giorgio Armani,Stronger With You Intensely,,100,,,,En la web
166,Diseñador,Caballero,Giorgio Armani,Stronger With You Parfum,Parfum,50,,,,En la web
166,Diseñador,Caballero,Giorgio Armani,Stronger With You Parfum,Parfum,100,,,,En la web
167,Diseñador,Dama,Giorgio Armani,Sì EDP,EDP,30,,,,En la web
167,Diseñador,Dama,Giorgio Armani,Sì EDP,EDP,50,,,,En la web
167,Diseñador,Dama,Giorgio Armani,Sì EDP,EDP,100,,,,En la web
168,Diseñador,Dama,Giorgio Armani,Sì Passione,EDP,30,,,,Nuevo (recomendado)
168,Diseñador,Dama,Giorgio Armani,Sì Passione,EDP,50,,,,Nuevo (recomendado)
168,Diseñador,Dama,Giorgio Armani,Sì Passione,EDP,100,,,,Nuevo (recomendado)
169,Diseñador,Caballero,Givenchy,Gentleman EDP,EDP,60,,,,En la web
169,Diseñador,Caballero,Givenchy,Gentleman EDP,EDP,100,,,,En la web
170,Diseñador,Caballero,Givenchy,Gentleman Réserve Privée,EDP,60,,,,Nuevo (recomendado)
170,Diseñador,Caballero,Givenchy,Gentleman Réserve Privée,EDP,100,,,,Nuevo (recomendado)
171,Diseñador,Dama,Givenchy,L'Interdit EDP,EDP,35,,,,En la web
171,Diseñador,Dama,Givenchy,L'Interdit EDP,EDP,50,,,,En la web
171,Diseñador,Dama,Givenchy,L'Interdit EDP,EDP,80,,,,En la web
172,Diseñador,Dama,Givenchy,L'Interdit Elixir,Elixir,35,,,,En la web
172,Diseñador,Dama,Givenchy,L'Interdit Elixir,Elixir,50,,,,En la web
172,Diseñador,Dama,Givenchy,L'Interdit Elixir,Elixir,80,,,,En la web
173,Diseñador,Dama,Gucci,Bloom,,30,,,,En la web
173,Diseñador,Dama,Gucci,Bloom,,50,,,,En la web
173,Diseñador,Dama,Gucci,Bloom,,100,,,,En la web
174,Diseñador,Dama,Gucci,Flora Gorgeous Gardenia,,30,,,,En la web
174,Diseñador,Dama,Gucci,Flora Gorgeous Gardenia,,50,,,,En la web
174,Diseñador,Dama,Gucci,Flora Gorgeous Gardenia,,100,,,,En la web
175,Diseñador,Caballero,Gucci,Guilty Pour Homme,EDT,50,,,,Nuevo (recomendado)
175,Diseñador,Caballero,Gucci,Guilty Pour Homme,EDT,90,,,,Nuevo (recomendado)
176,Diseñador,Caballero,Hermès,Terre d'Hermès,,50,,,,En la web
176,Diseñador,Caballero,Hermès,Terre d'Hermès,,100,,,,En la web
177,Diseñador,Caballero,Hugo Boss,Boss Bottled,,50,,,,En la web
177,Diseñador,Caballero,Hugo Boss,Boss Bottled,,100,,,,En la web
177,Diseñador,Caballero,Hugo Boss,Boss Bottled,,200,,,,En la web
178,Diseñador,Caballero,Hugo Boss,Boss Bottled Elixir,Parfum,50,,,,Nuevo (recomendado)
178,Diseñador,Caballero,Hugo Boss,Boss Bottled Elixir,Parfum,100,,,,Nuevo (recomendado)
179,Diseñador,Dama,Hugo Boss,Boss Femme,,50,,,,En la web
179,Diseñador,Dama,Hugo Boss,Boss Femme,,75,,,,En la web
180,Diseñador,Caballero,Hugo Boss,Boss The Scent,EDT,50,,,,Nuevo (recomendado)
180,Diseñador,Caballero,Hugo Boss,Boss The Scent,EDT,100,,,,Nuevo (recomendado)
181,Diseñador,Caballero,Hugo Boss,Hugo Man,,75,,,,En la web
181,Diseñador,Caballero,Hugo Boss,Hugo Man,,125,,,,En la web
182,Diseñador,Dama,Issey Miyake,L'Eau d'Issey (mujer),EDT,50,,,,Nuevo (recomendado)
182,Diseñador,Dama,Issey Miyake,L'Eau d'Issey (mujer),EDT,100,,,,Nuevo (recomendado)
183,Diseñador,Caballero,Issey Miyake,L'Eau d'Issey pour Homme EDP,EDP,75,,,,En la web
183,Diseñador,Caballero,Issey Miyake,L'Eau d'Issey pour Homme EDP,EDP,125,,,,En la web
184,Diseñador,Caballero,Issey Miyake,L'Eau D'Issey Pour Homme Intense,,100,,,,En la web
185,Diseñador,Dama,Jean Paul Gaultier,Gaultier Divine,EDP,30,,,,Nuevo (recomendado)
185,Diseñador,Dama,Jean Paul Gaultier,Gaultier Divine,EDP,50,,,,Nuevo (recomendado)
185,Diseñador,Dama,Jean Paul Gaultier,Gaultier Divine,EDP,100,,,,Nuevo (recomendado)
186,Diseñador,Dama,Jean Paul Gaultier,La Belle,,30,,,,En la web
186,Diseñador,Dama,Jean Paul Gaultier,La Belle,,50,,,,En la web
186,Diseñador,Dama,Jean Paul Gaultier,La Belle,,100,,,,En la web
187,Diseñador,Dama,Jean Paul Gaultier,La Belle Le Parfum,EDP,30,,,,Nuevo (recomendado)
187,Diseñador,Dama,Jean Paul Gaultier,La Belle Le Parfum,EDP,50,,,,Nuevo (recomendado)
187,Diseñador,Dama,Jean Paul Gaultier,La Belle Le Parfum,EDP,100,,,,Nuevo (recomendado)
188,Diseñador,Caballero,Jean Paul Gaultier,Le Beau,,75,,,,En la web
188,Diseñador,Caballero,Jean Paul Gaultier,Le Beau,,125,,,,En la web
189,Diseñador,Caballero,Jean Paul Gaultier,Le Beau Le Parfum,Parfum,75,,,,En la web
189,Diseñador,Caballero,Jean Paul Gaultier,Le Beau Le Parfum,Parfum,125,,,,En la web
190,Diseñador,Caballero,Jean Paul Gaultier,Le Beau Paradise Garden,,75,,,,En la web
190,Diseñador,Caballero,Jean Paul Gaultier,Le Beau Paradise Garden,,125,,,,En la web
191,Diseñador,Caballero,Jean Paul Gaultier,Le Male Elixir,Elixir,75,,,,En la web
191,Diseñador,Caballero,Jean Paul Gaultier,Le Male Elixir,Elixir,125,,,,En la web
192,Diseñador,Caballero,Jean Paul Gaultier,Le Male Elixir Absolu,Parfum,75,,,,Nuevo (recomendado)
192,Diseñador,Caballero,Jean Paul Gaultier,Le Male Elixir Absolu,Parfum,125,,,,Nuevo (recomendado)
193,Diseñador,Caballero,Jean Paul Gaultier,Le Male In Blue,,75,,,,En la web
193,Diseñador,Caballero,Jean Paul Gaultier,Le Male In Blue,,125,,,,En la web
194,Diseñador,Caballero,Jean Paul Gaultier,Le Male Le Parfum,Parfum,75,,,,En la web
194,Diseñador,Caballero,Jean Paul Gaultier,Le Male Le Parfum,Parfum,125,,,,En la web
195,Diseñador,Dama,Jean Paul Gaultier,Scandal (mujer),EDP,30,,,,Nuevo (recomendado)
195,Diseñador,Dama,Jean Paul Gaultier,Scandal (mujer),EDP,50,,,,Nuevo (recomendado)
195,Diseñador,Dama,Jean Paul Gaultier,Scandal (mujer),EDP,80,,,,Nuevo (recomendado)
196,Diseñador,Dama,Jean Paul Gaultier,Scandal Intense (mujer),,30,,,,En la web
196,Diseñador,Dama,Jean Paul Gaultier,Scandal Intense (mujer),,50,,,,En la web
196,Diseñador,Dama,Jean Paul Gaultier,Scandal Intense (mujer),,80,,,,En la web
197,Diseñador,Caballero,Jean Paul Gaultier,Scandal Intense pour Homme,,50,,,,En la web
197,Diseñador,Caballero,Jean Paul Gaultier,Scandal Intense pour Homme,,100,,,,En la web
198,Diseñador,Caballero,Jean Paul Gaultier,Scandal pour Homme,,50,,,,En la web
198,Diseñador,Caballero,Jean Paul Gaultier,Scandal pour Homme,,100,,,,En la web
199,Diseñador,Caballero,Jean Paul Gaultier,Scandal Pour Homme Absolu,,50,,,,En la web
199,Diseñador,Caballero,Jean Paul Gaultier,Scandal Pour Homme Absolu,,100,,,,En la web
200,Diseñador,Caballero,Jean Paul Gaultier,Scandal Pour Homme Le Parfum,Parfum,50,,,,En la web
200,Diseñador,Caballero,Jean Paul Gaultier,Scandal Pour Homme Le Parfum,Parfum,100,,,,En la web
201,Diseñador,Caballero,Jean Paul Gaultier,Ultra Male,,75,,,,En la web
201,Diseñador,Caballero,Jean Paul Gaultier,Ultra Male,,125,,,,En la web
202,Diseñador,Dama,Jesus Del Pozo,Halloween,,30,,,,En la web
202,Diseñador,Dama,Jesus Del Pozo,Halloween,,50,,,,En la web
202,Diseñador,Dama,Jesus Del Pozo,Halloween,,100,,,,En la web
203,Diseñador,Caballero,Jesus Del Pozo,Halloween Man Mystery,,75,,,,En la web
203,Diseñador,Caballero,Jesus Del Pozo,Halloween Man Mystery,,125,,,,En la web
204,Diseñador,Dama,Jimmy Choo,I Want Choo,EDP,40,,,,Nuevo (recomendado)
204,Diseñador,Dama,Jimmy Choo,I Want Choo,EDP,60,,,,Nuevo (recomendado)
204,Diseñador,Dama,Jimmy Choo,I Want Choo,EDP,100,,,,Nuevo (recomendado)
205,Diseñador,Caballero,Jimmy Choo,Man Parfum,Parfum,50,,,,En la web
205,Diseñador,Caballero,Jimmy Choo,Man Parfum,Parfum,100,,,,En la web
206,Diseñador,Dama,Kenzo,Flower by Kenzo,,30,,,,En la web
206,Diseñador,Dama,Kenzo,Flower by Kenzo,,50,,,,En la web
206,Diseñador,Dama,Kenzo,Flower by Kenzo,,100,,,,En la web
207,Diseñador,Dama,Kenzo,Flower La Recolte Parisienne,,30,,,,En la web
207,Diseñador,Dama,Kenzo,Flower La Recolte Parisienne,,50,,,,En la web
207,Diseñador,Dama,Kenzo,Flower La Recolte Parisienne,,100,,,,En la web
208,Diseñador,Caballero,Kenzo,Kenzo Homme,EDT,60,,,,Nuevo (recomendado)
208,Diseñador,Caballero,Kenzo,Kenzo Homme,EDT,110,,,,Nuevo (recomendado)
209,Diseñador,Caballero,Lacoste,Bleu EDP,EDP,50,,,,En la web
209,Diseñador,Caballero,Lacoste,Bleu EDP,EDP,100,,,,En la web
210,Diseñador,Caballero,Lacoste,L.12.12 Blanc,EDT,50,,,,Nuevo (recomendado)
210,Diseñador,Caballero,Lacoste,L.12.12 Blanc,EDT,100,,,,Nuevo (recomendado)
211,Diseñador,Dama,Lancôme,Idôle,,25,,,,En la web
211,Diseñador,Dama,Lancôme,Idôle,,50,,,,En la web
211,Diseñador,Dama,Lancôme,Idôle,,100,,,,En la web
212,Diseñador,Dama,Lancôme,Idôle Power,,25,,,,En la web
212,Diseñador,Dama,Lancôme,Idôle Power,,50,,,,En la web
212,Diseñador,Dama,Lancôme,Idôle Power,,100,,,,En la web
213,Diseñador,Dama,Lancôme,La Nuit Trésor,EDP,30,,,,Nuevo (recomendado)
213,Diseñador,Dama,Lancôme,La Nuit Trésor,EDP,50,,,,Nuevo (recomendado)
213,Diseñador,Dama,Lancôme,La Nuit Trésor,EDP,100,,,,Nuevo (recomendado)
214,Diseñador,Dama,Lancôme,La Vie Est Belle,,30,,,,En la web
214,Diseñador,Dama,Lancôme,La Vie Est Belle,,50,,,,En la web
214,Diseñador,Dama,Lancôme,La Vie Est Belle,,100,,,,En la web
215,Diseñador,Dama,Lancôme,La Vie Est Belle L'Elixir,EDP,30,,,,Nuevo (recomendado)
215,Diseñador,Dama,Lancôme,La Vie Est Belle L'Elixir,EDP,50,,,,Nuevo (recomendado)
215,Diseñador,Dama,Lancôme,La Vie Est Belle L'Elixir,EDP,100,,,,Nuevo (recomendado)
216,Diseñador,Dama,Lancôme,La Vie Est Belle Vanille Nude,,30,,,,En la web
216,Diseñador,Dama,Lancôme,La Vie Est Belle Vanille Nude,,50,,,,En la web
216,Diseñador,Dama,Lancôme,La Vie Est Belle Vanille Nude,,100,,,,En la web
217,Diseñador,Dama,Lancôme,La Vie Est Belle Very Cherry Elixir,Elixir,30,,,,En la web
217,Diseñador,Dama,Lancôme,La Vie Est Belle Very Cherry Elixir,Elixir,50,,,,En la web
217,Diseñador,Dama,Lancôme,La Vie Est Belle Very Cherry Elixir,Elixir,100,,,,En la web
218,Diseñador,Dama,Lancôme,Trésor,,30,,,,En la web
218,Diseñador,Dama,Lancôme,Trésor,,50,,,,En la web
218,Diseñador,Dama,Lancôme,Trésor,,100,,,,En la web
219,Diseñador,Dama,Lancôme,Trésor L'Eau de Parfum,Parfum,30,,,,En la web
219,Diseñador,Dama,Lancôme,Trésor L'Eau de Parfum,Parfum,50,,,,En la web
219,Diseñador,Dama,Lancôme,Trésor L'Eau de Parfum,Parfum,100,,,,En la web
220,Diseñador,Dama,Marc Jacobs,Daisy,,50,,,,En la web
220,Diseñador,Dama,Marc Jacobs,Daisy,,100,,,,En la web
221,Diseñador,Dama,Marc Jacobs,Perfect,EDP,30,,,,Nuevo (recomendado)
221,Diseñador,Dama,Marc Jacobs,Perfect,EDP,50,,,,Nuevo (recomendado)
221,Diseñador,Dama,Marc Jacobs,Perfect,EDP,100,,,,Nuevo (recomendado)
222,Diseñador,Caballero,Montblanc,Explorer,,50,,,,En la web
222,Diseñador,Caballero,Montblanc,Explorer,,100,,,,En la web
223,Diseñador,Caballero,Montblanc,Explorer Ultra Blue,EDP,60,,,,Nuevo (recomendado)
223,Diseñador,Caballero,Montblanc,Explorer Ultra Blue,EDP,100,,,,Nuevo (recomendado)
224,Diseñador,Caballero,Montblanc,Legend,,50,,,,En la web
224,Diseñador,Caballero,Montblanc,Legend,,100,,,,En la web
225,Diseñador,Dama,Moschino,Cheap and Chic I Love Love,,30,,,,En la web
225,Diseñador,Dama,Moschino,Cheap and Chic I Love Love,,50,,,,En la web
225,Diseñador,Dama,Moschino,Cheap and Chic I Love Love,,100,,,,En la web
226,Diseñador,Dama,Moschino,Fresh Couture,,30,,,,En la web
226,Diseñador,Dama,Moschino,Fresh Couture,,50,,,,En la web
226,Diseñador,Dama,Moschino,Fresh Couture,,100,,,,En la web
227,Diseñador,Dama,Moschino,Pink Fresh Couture,,30,,,,En la web
227,Diseñador,Dama,Moschino,Pink Fresh Couture,,50,,,,En la web
227,Diseñador,Dama,Moschino,Pink Fresh Couture,,100,,,,En la web
228,Diseñador,Dama,Moschino,Toy,,30,,,,En la web
228,Diseñador,Dama,Moschino,Toy,,50,,,,En la web
228,Diseñador,Dama,Moschino,Toy,,100,,,,En la web
229,Diseñador,Dama,Moschino,Toy 2,,30,,,,En la web
229,Diseñador,Dama,Moschino,Toy 2,,50,,,,En la web
229,Diseñador,Dama,Moschino,Toy 2,,100,,,,En la web
230,Diseñador,Dama,Moschino,Toy 2 Bubble Gum,EDT,30,,,,Nuevo (recomendado)
230,Diseñador,Dama,Moschino,Toy 2 Bubble Gum,EDT,50,,,,Nuevo (recomendado)
230,Diseñador,Dama,Moschino,Toy 2 Bubble Gum,EDT,100,,,,Nuevo (recomendado)
231,Diseñador,Dama,Moschino,Toy 2 Pearl,,30,,,,En la web
231,Diseñador,Dama,Moschino,Toy 2 Pearl,,50,,,,En la web
231,Diseñador,Dama,Moschino,Toy 2 Pearl,,100,,,,En la web
232,Diseñador,Caballero,Moschino,Toy Boy,EDP,50,,,,Nuevo (recomendado)
232,Diseñador,Caballero,Moschino,Toy Boy,EDP,100,,,,Nuevo (recomendado)
233,Diseñador,Caballero,Mugler,A*Men,,50,,,,En la web
233,Diseñador,Caballero,Mugler,A*Men,,100,,,,En la web
234,Diseñador,Dama,Mugler,Alien,,30,,,,En la web
234,Diseñador,Dama,Mugler,Alien,,60,,,,En la web
234,Diseñador,Dama,Mugler,Alien,,90,,,,En la web
235,Diseñador,Dama,Mugler,Alien Goddess,EDP,30,,,,Nuevo (recomendado)
235,Diseñador,Dama,Mugler,Alien Goddess,EDP,50,,,,Nuevo (recomendado)
235,Diseñador,Dama,Mugler,Alien Goddess,EDP,90,,,,Nuevo (recomendado)
236,Diseñador,Dama,Mugler,Angel,,25,,,,En la web
236,Diseñador,Dama,Mugler,Angel,,50,,,,En la web
236,Diseñador,Dama,Mugler,Angel,,100,,,,En la web
237,Diseñador,Dama,Mugler,Angel Elixir,EDP,50,,,,Nuevo (recomendado)
237,Diseñador,Dama,Mugler,Angel Elixir,EDP,100,,,,Nuevo (recomendado)
238,Diseñador,Dama,Narciso Rodriguez,For Her EDP,EDP,30,,,,En la web
238,Diseñador,Dama,Narciso Rodriguez,For Her EDP,EDP,50,,,,En la web
238,Diseñador,Dama,Narciso Rodriguez,For Her EDP,EDP,100,,,,En la web
239,Diseñador,Dama,Narciso Rodriguez,Pure Musc Blanc EDP,EDP,30,,,,En la web
239,Diseñador,Dama,Narciso Rodriguez,Pure Musc Blanc EDP,EDP,50,,,,En la web
239,Diseñador,Dama,Narciso Rodriguez,Pure Musc Blanc EDP,EDP,100,,,,En la web
240,Diseñador,Caballero,Nautica,Voyage,EDT,100,,,,Nuevo (recomendado)
241,Diseñador,Caballero,Paco Rabanne,1 Million,,50,,,,En la web
241,Diseñador,Caballero,Paco Rabanne,1 Million,,100,,,,En la web
241,Diseñador,Caballero,Paco Rabanne,1 Million,,200,,,,En la web
242,Diseñador,Caballero,Paco Rabanne,1 Million Black EDP,EDP,50,,,,En la web
242,Diseñador,Caballero,Paco Rabanne,1 Million Black EDP,EDP,100,,,,En la web
243,Diseñador,Caballero,Paco Rabanne,1 Million Elixir Parfum Intense,Elixir,50,,,,En la web
243,Diseñador,Caballero,Paco Rabanne,1 Million Elixir Parfum Intense,Elixir,100,,,,En la web
244,Diseñador,Caballero,Paco Rabanne,1 Million Golden Oud Parfum,Parfum,50,,,,En la web
244,Diseñador,Caballero,Paco Rabanne,1 Million Golden Oud Parfum,Parfum,100,,,,En la web
245,Diseñador,Caballero,Paco Rabanne,Black XS (hombre),,50,,,,En la web
245,Diseñador,Caballero,Paco Rabanne,Black XS (hombre),,100,,,,En la web
246,Diseñador,Dama,Paco Rabanne,Black XS for Her,,50,,,,En la web
246,Diseñador,Dama,Paco Rabanne,Black XS for Her,,80,,,,En la web
247,Diseñador,Dama,Paco Rabanne,Fame,EDP,30,,,,Nuevo (recomendado)
247,Diseñador,Dama,Paco Rabanne,Fame,EDP,50,,,,Nuevo (recomendado)
247,Diseñador,Dama,Paco Rabanne,Fame,EDP,80,,,,Nuevo (recomendado)
248,Diseñador,Caballero,Paco Rabanne,Invictus,,50,,,,En la web
248,Diseñador,Caballero,Paco Rabanne,Invictus,,100,,,,En la web
248,Diseñador,Caballero,Paco Rabanne,Invictus,,200,,,,En la web
249,Diseñador,Caballero,Paco Rabanne,Invictus Aqua,,100,,,,En la web
250,Diseñador,Caballero,Paco Rabanne,Invictus Platinum,EDP,50,,,,Nuevo (recomendado)
250,Diseñador,Caballero,Paco Rabanne,Invictus Platinum,EDP,100,,,,Nuevo (recomendado)
251,Diseñador,Caballero,Paco Rabanne,Invictus Victory Elixir,Elixir,50,,,,En la web
251,Diseñador,Caballero,Paco Rabanne,Invictus Victory Elixir,Elixir,100,,,,En la web
252,Diseñador,Dama,Paco Rabanne,Lady Million,,30,,,,En la web
252,Diseñador,Dama,Paco Rabanne,Lady Million,,50,,,,En la web
252,Diseñador,Dama,Paco Rabanne,Lady Million,,80,,,,En la web
253,Diseñador,Dama,Paco Rabanne,Million Gold for Her,EDP,30,,,,Nuevo (recomendado)
253,Diseñador,Dama,Paco Rabanne,Million Gold for Her,EDP,50,,,,Nuevo (recomendado)
253,Diseñador,Dama,Paco Rabanne,Million Gold for Her,EDP,90,,,,Nuevo (recomendado)
254,Diseñador,Dama,Paco Rabanne,Million Red Parfum,Parfum,50,,,,En la web
254,Diseñador,Dama,Paco Rabanne,Million Red Parfum,Parfum,90,,,,En la web
255,Diseñador,Dama,Paco Rabanne,Olympéa,,30,,,,En la web
255,Diseñador,Dama,Paco Rabanne,Olympéa,,50,,,,En la web
255,Diseñador,Dama,Paco Rabanne,Olympéa,,80,,,,En la web
256,Diseñador,Dama,Paco Rabanne,Olympéa Absolu,,30,,,,En la web
256,Diseñador,Dama,Paco Rabanne,Olympéa Absolu,,50,,,,En la web
256,Diseñador,Dama,Paco Rabanne,Olympéa Absolu,,80,,,,En la web
257,Diseñador,Caballero,Paco Rabanne,Phantom,,50,,,,En la web
257,Diseñador,Caballero,Paco Rabanne,Phantom,,100,,,,En la web
257,Diseñador,Caballero,Paco Rabanne,Phantom,,150,,,,En la web
258,Diseñador,Caballero,Paco Rabanne,Phantom Elixir,Parfum,50,,,,Nuevo (recomendado)
258,Diseñador,Caballero,Paco Rabanne,Phantom Elixir,Parfum,100,,,,Nuevo (recomendado)
259,Diseñador,Caballero,Paco Rabanne,Phantom Parfum,Parfum,50,,,,En la web
259,Diseñador,Caballero,Paco Rabanne,Phantom Parfum,Parfum,100,,,,En la web
260,Diseñador,Caballero,Paco Rabanne,Pour Homme,,50,,,,En la web
260,Diseñador,Caballero,Paco Rabanne,Pour Homme,,100,,,,En la web
261,Diseñador,Caballero,Paco Rabanne,Pure XS,EDT,50,,,,Nuevo (recomendado)
261,Diseñador,Caballero,Paco Rabanne,Pure XS,EDT,100,,,,Nuevo (recomendado)
262,Diseñador,Dama,Paloma Picasso,Paloma Picasso,,30,,,,En la web
262,Diseñador,Dama,Paloma Picasso,Paloma Picasso,,50,,,,En la web
262,Diseñador,Dama,Paloma Picasso,Paloma Picasso,,100,,,,En la web
263,Diseñador,Caballero,Prada,L'Homme,,50,,,,En la web
263,Diseñador,Caballero,Prada,L'Homme,,100,,,,En la web
264,Diseñador,Caballero,Prada,Luna Rossa Black,EDP,50,,,,Nuevo (recomendado)
264,Diseñador,Caballero,Prada,Luna Rossa Black,EDP,100,,,,Nuevo (recomendado)
265,Diseñador,Caballero,Prada,Luna Rossa Carbon,,50,,,,En la web
265,Diseñador,Caballero,Prada,Luna Rossa Carbon,,100,,,,En la web
266,Diseñador,Caballero,Prada,Luna Rossa Ocean,EDP,50,,,,Nuevo (recomendado)
266,Diseñador,Caballero,Prada,Luna Rossa Ocean,EDP,100,,,,Nuevo (recomendado)
267,Diseñador,Dama,Prada,Paradoxe,,30,,,,En la web
267,Diseñador,Dama,Prada,Paradoxe,,50,,,,En la web
267,Diseñador,Dama,Prada,Paradoxe,,90,,,,En la web
268,Diseñador,Dama,Prada,Paradoxe Intense EDP,EDP,30,,,,En la web
268,Diseñador,Dama,Prada,Paradoxe Intense EDP,EDP,50,,,,En la web
268,Diseñador,Dama,Prada,Paradoxe Intense EDP,EDP,90,,,,En la web
269,Diseñador,Caballero,Ralph Lauren,Polo Black EDT,EDT,75,,,,En la web
269,Diseñador,Caballero,Ralph Lauren,Polo Black EDT,EDT,125,,,,En la web
270,Diseñador,Caballero,Ralph Lauren,Polo Blue,,75,,,,En la web
270,Diseñador,Caballero,Ralph Lauren,Polo Blue,,125,,,,En la web
271,Diseñador,Caballero,Ralph Lauren,Polo Blue Parfum,Parfum,75,,,,En la web
271,Diseñador,Caballero,Ralph Lauren,Polo Blue Parfum,Parfum,125,,,,En la web
272,Diseñador,Caballero,Ralph Lauren,Polo Deep Blue Parfum,Parfum,75,,,,En la web
272,Diseñador,Caballero,Ralph Lauren,Polo Deep Blue Parfum,Parfum,125,,,,En la web
273,Diseñador,Caballero,Ralph Lauren,Polo Red,EDT,75,,,,Nuevo (recomendado)
273,Diseñador,Caballero,Ralph Lauren,Polo Red,EDT,125,,,,Nuevo (recomendado)
274,Diseñador,Dama,Sol de Janeiro,Cheirosa '62 (perfume mist),Mist,90,,,,Nuevo (recomendado)
274,Diseñador,Dama,Sol de Janeiro,Cheirosa '62 (perfume mist),Mist,240,,,,Nuevo (recomendado)
275,Diseñador,Dama,Tom Ford,Black Orchid,,50,,,,En la web
275,Diseñador,Dama,Tom Ford,Black Orchid,,100,,,,En la web
276,Diseñador,Unisex,Tom Ford,Ombré Leather,,50,,,,En la web
276,Diseñador,Unisex,Tom Ford,Ombré Leather,,100,,,,En la web
277,Diseñador,Caballero,Tommy Hilfiger,Tommy,,50,,,,En la web
277,Diseñador,Caballero,Tommy Hilfiger,Tommy,,100,,,,En la web
278,Diseñador,Dama,Tommy Hilfiger,Tommy Girl,,50,,,,En la web
278,Diseñador,Dama,Tommy Hilfiger,Tommy Girl,,100,,,,En la web
279,Diseñador,Caballero,Valentino,Born in Roma Uomo Intense,,50,,,,En la web
279,Diseñador,Caballero,Valentino,Born in Roma Uomo Intense,,100,,,,En la web
280,Diseñador,Dama,Valentino,Donna Born in Roma,,30,,,,En la web
280,Diseñador,Dama,Valentino,Donna Born in Roma,,50,,,,En la web
280,Diseñador,Dama,Valentino,Donna Born in Roma,,100,,,,En la web
281,Diseñador,Dama,Valentino,Donna Born in Roma Coral Fantasy,,30,,,,En la web
281,Diseñador,Dama,Valentino,Donna Born in Roma Coral Fantasy,,50,,,,En la web
281,Diseñador,Dama,Valentino,Donna Born in Roma Coral Fantasy,,100,,,,En la web
282,Diseñador,Dama,Valentino,Donna Born in Roma Intense,EDP,30,,,,Nuevo (recomendado)
282,Diseñador,Dama,Valentino,Donna Born in Roma Intense,EDP,50,,,,Nuevo (recomendado)
282,Diseñador,Dama,Valentino,Donna Born in Roma Intense,EDP,100,,,,Nuevo (recomendado)
283,Diseñador,Dama,Valentino,Donna Born in Roma Purple Melancholia,,30,,,,En la web
283,Diseñador,Dama,Valentino,Donna Born in Roma Purple Melancholia,,50,,,,En la web
283,Diseñador,Dama,Valentino,Donna Born in Roma Purple Melancholia,,100,,,,En la web
284,Diseñador,Dama,Valentino,Donna Born in Roma Yellow Dream,,30,,,,En la web
284,Diseñador,Dama,Valentino,Donna Born in Roma Yellow Dream,,50,,,,En la web
284,Diseñador,Dama,Valentino,Donna Born in Roma Yellow Dream,,100,,,,En la web
285,Diseñador,Caballero,Valentino,Uomo Born in Roma,,50,,,,En la web
285,Diseñador,Caballero,Valentino,Uomo Born in Roma,,100,,,,En la web
286,Diseñador,Caballero,Valentino,Uomo Born in Roma Coral Fantasy,,50,,,,En la web
286,Diseñador,Caballero,Valentino,Uomo Born in Roma Coral Fantasy,,100,,,,En la web
287,Diseñador,Caballero,Valentino,Uomo Born in Roma Extradose,,50,,,,En la web
287,Diseñador,Caballero,Valentino,Uomo Born in Roma Extradose,,100,,,,En la web
288,Diseñador,Caballero,Valentino,Uomo Born in Roma Green Stravaganza,,50,,,,En la web
288,Diseñador,Caballero,Valentino,Uomo Born in Roma Green Stravaganza,,100,,,,En la web
289,Diseñador,Caballero,Valentino,Uomo Born in Roma Purple Melancholia,,50,,,,En la web
289,Diseñador,Caballero,Valentino,Uomo Born in Roma Purple Melancholia,,100,,,,En la web
290,Diseñador,Dama,Valentino,Voce Viva,,30,,,,En la web
290,Diseñador,Dama,Valentino,Voce Viva,,50,,,,En la web
290,Diseñador,Dama,Valentino,Voce Viva,,100,,,,En la web
291,Diseñador,Dama,Versace,Bright Crystal,,30,,,,En la web
291,Diseñador,Dama,Versace,Bright Crystal,,50,,,,En la web
291,Diseñador,Dama,Versace,Bright Crystal,,90,,,,En la web
292,Diseñador,Dama,Versace,Crystal Noir,,30,,,,En la web
292,Diseñador,Dama,Versace,Crystal Noir,,50,,,,En la web
292,Diseñador,Dama,Versace,Crystal Noir,,90,,,,En la web
293,Diseñador,Dama,Versace,Dylan Blue pour Femme,,30,,,,En la web
293,Diseñador,Dama,Versace,Dylan Blue pour Femme,,50,,,,En la web
293,Diseñador,Dama,Versace,Dylan Blue pour Femme,,100,,,,En la web
294,Diseñador,Caballero,Versace,Dylan Blue pour Homme,,50,,,,En la web
294,Diseñador,Caballero,Versace,Dylan Blue pour Homme,,100,,,,En la web
294,Diseñador,Caballero,Versace,Dylan Blue pour Homme,,200,,,,En la web
295,Diseñador,Dama,Versace,Dylan Purple,EDP,30,,,,Nuevo (recomendado)
295,Diseñador,Dama,Versace,Dylan Purple,EDP,50,,,,Nuevo (recomendado)
295,Diseñador,Dama,Versace,Dylan Purple,EDP,100,,,,Nuevo (recomendado)
296,Diseñador,Dama,Versace,Dylan Turquoise,EDT,30,,,,Nuevo (recomendado)
296,Diseñador,Dama,Versace,Dylan Turquoise,EDT,50,,,,Nuevo (recomendado)
296,Diseñador,Dama,Versace,Dylan Turquoise,EDT,100,,,,Nuevo (recomendado)
297,Diseñador,Caballero,Versace,Eros,,50,,,,En la web
297,Diseñador,Caballero,Versace,Eros,,100,,,,En la web
297,Diseñador,Caballero,Versace,Eros,,200,,,,En la web
298,Diseñador,Caballero,Versace,Eros EDP,EDP,50,,,,En la web
298,Diseñador,Caballero,Versace,Eros EDP,EDP,100,,,,En la web
298,Diseñador,Caballero,Versace,Eros EDP,EDP,200,,,,En la web
299,Diseñador,Caballero,Versace,Eros Energy,EDP,50,,,,Nuevo (recomendado)
299,Diseñador,Caballero,Versace,Eros Energy,EDP,100,,,,Nuevo (recomendado)
300,Diseñador,Caballero,Versace,Eros Flame,,50,,,,En la web
300,Diseñador,Caballero,Versace,Eros Flame,,100,,,,En la web
300,Diseñador,Caballero,Versace,Eros Flame,,200,,,,En la web
301,Diseñador,Caballero,Versace,Eros Najim,Parfum,50,,,,Nuevo (recomendado)
301,Diseñador,Caballero,Versace,Eros Najim,Parfum,100,,,,Nuevo (recomendado)
302,Diseñador,Caballero,Versace,Pour Homme,,50,,,,En la web
302,Diseñador,Caballero,Versace,Pour Homme,,100,,,,En la web
302,Diseñador,Caballero,Versace,Pour Homme,,200,,,,En la web
303,Diseñador,Dama,Versace,Versense,,30,,,,En la web
303,Diseñador,Dama,Versace,Versense,,50,,,,En la web
303,Diseñador,Dama,Versace,Versense,,100,,,,En la web
304,Diseñador,Dama,Versace,Yellow Diamond,,30,,,,En la web
304,Diseñador,Dama,Versace,Yellow Diamond,,50,,,,En la web
304,Diseñador,Dama,Versace,Yellow Diamond,,90,,,,En la web
305,Diseñador,Dama,Victoria's Secret,Bombshell,EDP,50,,,,Nuevo (recomendado)
305,Diseñador,Dama,Victoria's Secret,Bombshell,EDP,100,,,,Nuevo (recomendado)
306,Diseñador,Dama,Viktor&Rolf,Flowerbomb,,30,,,,En la web
306,Diseñador,Dama,Viktor&Rolf,Flowerbomb,,50,,,,En la web
306,Diseñador,Dama,Viktor&Rolf,Flowerbomb,,100,,,,En la web
307,Diseñador,Dama,Viktor&Rolf,Good Fortune,EDP,30,,,,Nuevo (recomendado)
307,Diseñador,Dama,Viktor&Rolf,Good Fortune,EDP,50,,,,Nuevo (recomendado)
307,Diseñador,Dama,Viktor&Rolf,Good Fortune,EDP,90,,,,Nuevo (recomendado)
308,Diseñador,Caballero,Viktor&Rolf,Spicebomb Extreme,,50,,,,En la web
308,Diseñador,Caballero,Viktor&Rolf,Spicebomb Extreme,,90,,,,En la web
309,Diseñador,Dama,Yves Saint Laurent,Black Opium,,30,,,,En la web
309,Diseñador,Dama,Yves Saint Laurent,Black Opium,,50,,,,En la web
309,Diseñador,Dama,Yves Saint Laurent,Black Opium,,90,,,,En la web
310,Diseñador,Caballero,Yves Saint Laurent,La Nuit de L'Homme,,60,,,,En la web
310,Diseñador,Caballero,Yves Saint Laurent,La Nuit de L'Homme,,100,,,,En la web
311,Diseñador,Dama,Yves Saint Laurent,Libre,,30,,,,En la web
311,Diseñador,Dama,Yves Saint Laurent,Libre,,50,,,,En la web
311,Diseñador,Dama,Yves Saint Laurent,Libre,,90,,,,En la web
312,Diseñador,Dama,Yves Saint Laurent,Libre Flowers & Flames EDP,EDP,30,,,,En la web
312,Diseñador,Dama,Yves Saint Laurent,Libre Flowers & Flames EDP,EDP,50,,,,En la web
312,Diseñador,Dama,Yves Saint Laurent,Libre Flowers & Flames EDP,EDP,90,,,,En la web
313,Diseñador,Dama,Yves Saint Laurent,Libre Intense,EDP,30,,,,Nuevo (recomendado)
313,Diseñador,Dama,Yves Saint Laurent,Libre Intense,EDP,50,,,,Nuevo (recomendado)
313,Diseñador,Dama,Yves Saint Laurent,Libre Intense,EDP,90,,,,Nuevo (recomendado)
314,Diseñador,Dama,Yves Saint Laurent,Libre L'Eau Nue Parfum,Parfum,30,,,,En la web
314,Diseñador,Dama,Yves Saint Laurent,Libre L'Eau Nue Parfum,Parfum,50,,,,En la web
314,Diseñador,Dama,Yves Saint Laurent,Libre L'Eau Nue Parfum,Parfum,90,,,,En la web
315,Diseñador,Dama,Yves Saint Laurent,Libre Le Parfum,Parfum,30,,,,Nuevo (recomendado)
315,Diseñador,Dama,Yves Saint Laurent,Libre Le Parfum,Parfum,50,,,,Nuevo (recomendado)
315,Diseñador,Dama,Yves Saint Laurent,Libre Le Parfum,Parfum,90,,,,Nuevo (recomendado)
316,Diseñador,Dama,Yves Saint Laurent,Mon Paris,,30,,,,En la web
316,Diseñador,Dama,Yves Saint Laurent,Mon Paris,,50,,,,En la web
316,Diseñador,Dama,Yves Saint Laurent,Mon Paris,,90,,,,En la web
317,Diseñador,Caballero,Yves Saint Laurent,MYSLF EDP,EDP,40,,,,Nuevo (recomendado)
317,Diseñador,Caballero,Yves Saint Laurent,MYSLF EDP,EDP,60,,,,Nuevo (recomendado)
317,Diseñador,Caballero,Yves Saint Laurent,MYSLF EDP,EDP,100,,,,Nuevo (recomendado)
318,Diseñador,Caballero,Yves Saint Laurent,MYSLF L'Absolu,,40,,,,En la web
318,Diseñador,Caballero,Yves Saint Laurent,MYSLF L'Absolu,,60,,,,En la web
318,Diseñador,Caballero,Yves Saint Laurent,MYSLF L'Absolu,,100,,,,En la web
319,Diseñador,Caballero,Yves Saint Laurent,Y EDP,EDP,60,,,,En la web
319,Diseñador,Caballero,Yves Saint Laurent,Y EDP,EDP,100,,,,En la web
320,Diseñador,Caballero,Yves Saint Laurent,Y Le Parfum,Parfum,60,,,,En la web
320,Diseñador,Caballero,Yves Saint Laurent,Y Le Parfum,Parfum,100,,,,En la web
321,Nicho,Unisex,Amouage,Guidance,,100,,,,En la web
322,Nicho,Caballero,Amouage,Interlude Man,,100,,,,En la web
323,Nicho,Caballero,Amouage,Reflection Man,,100,,,,En la web
324,Nicho,Unisex,Byredo,Bal d'Afrique,,50,,,,En la web
324,Nicho,Unisex,Byredo,Bal d'Afrique,,100,,,,En la web
325,Nicho,Dama,Byredo,Blanche,EDP,50,,,,Nuevo (recomendado)
325,Nicho,Dama,Byredo,Blanche,EDP,100,,,,Nuevo (recomendado)
326,Nicho,Unisex,Byredo,Gypsy Water,,50,,,,En la web
326,Nicho,Unisex,Byredo,Gypsy Water,,100,,,,En la web
327,Nicho,Unisex,Byredo,Mojave Ghost,,50,,,,En la web
327,Nicho,Unisex,Byredo,Mojave Ghost,,100,,,,En la web
328,Nicho,Caballero,Creed,Absolu Aventus,EDP,100,,,,Nuevo (recomendado)
329,Nicho,Caballero,Creed,Aventus,,50,,,,En la web
329,Nicho,Caballero,Creed,Aventus,,100,,,,En la web
330,Nicho,Dama,Creed,Aventus for Her,,50,,,,En la web
330,Nicho,Dama,Creed,Aventus for Her,,100,,,,En la web
331,Nicho,Caballero,Creed,Green Irish Tweed,,50,,,,En la web
331,Nicho,Caballero,Creed,Green Irish Tweed,,100,,,,En la web
332,Nicho,Unisex,Creed,Millésime Impérial,EDP,50,,,,Nuevo (recomendado)
332,Nicho,Unisex,Creed,Millésime Impérial,EDP,100,,,,Nuevo (recomendado)
333,Nicho,Unisex,Creed,Royal Oud,,50,,,,En la web
333,Nicho,Unisex,Creed,Royal Oud,,100,,,,En la web
334,Nicho,Unisex,Creed,Silver Mountain Water,,50,,,,En la web
334,Nicho,Unisex,Creed,Silver Mountain Water,,100,,,,En la web
335,Nicho,Caballero,Creed,Viking,,50,,,,En la web
335,Nicho,Caballero,Creed,Viking,,100,,,,En la web
336,Nicho,Unisex,Escentric Molecules,Molecule 01,EDT,30,,,,Nuevo (recomendado)
336,Nicho,Unisex,Escentric Molecules,Molecule 01,EDT,100,,,,Nuevo (recomendado)
337,Nicho,Unisex,Initio Parfums Privés,Musk Therapy,EDP,90,,,,Nuevo (recomendado)
338,Nicho,Unisex,Initio Parfums Privés,Oud for Greatness,,90,,,,En la web
339,Nicho,Unisex,Initio Parfums Privés,Rehab,,90,,,,En la web
340,Nicho,Unisex,Initio Parfums Privés,Side Effect,,90,,,,En la web
341,Nicho,Dama,Jo Malone,English Pear & Freesia,Cologne,30,,,,Nuevo (recomendado)
341,Nicho,Dama,Jo Malone,English Pear & Freesia,Cologne,100,,,,Nuevo (recomendado)
342,Nicho,Unisex,Jo Malone,Wood Sage & Sea Salt,Cologne,30,,,,Nuevo (recomendado)
342,Nicho,Unisex,Jo Malone,Wood Sage & Sea Salt,Cologne,100,,,,Nuevo (recomendado)
343,Nicho,Dama,Kayali,Vanilla 28,EDP,50,,,,Nuevo (recomendado)
343,Nicho,Dama,Kayali,Vanilla 28,EDP,100,,,,Nuevo (recomendado)
344,Nicho,Dama,Kayali,Yum Pistachio Gelato 33,EDP,50,,,,Nuevo (recomendado)
344,Nicho,Dama,Kayali,Yum Pistachio Gelato 33,EDP,100,,,,Nuevo (recomendado)
345,Nicho,Unisex,Kilian,Angels' Share,,50,,,,En la web
346,Nicho,Unisex,Kilian,Black Phantom,EDP,50,,,,Nuevo (recomendado)
347,Nicho,Dama,Kilian,Good Girl Gone Bad,,50,,,,En la web
348,Nicho,Dama,Kilian,"Love, Don't Be Shy",,50,,,,En la web
349,Nicho,Unisex,Kilian,Rolling in Love,EDP,50,,,,Nuevo (recomendado)
350,Nicho,Unisex,Le Labo,Another 13,,50,,,,En la web
350,Nicho,Unisex,Le Labo,Another 13,,100,,,,En la web
351,Nicho,Unisex,Le Labo,Rose 31,EDP,50,,,,Nuevo (recomendado)
351,Nicho,Unisex,Le Labo,Rose 31,EDP,100,,,,Nuevo (recomendado)
352,Nicho,Unisex,Le Labo,Santal 33,,50,,,,En la web
352,Nicho,Unisex,Le Labo,Santal 33,,100,,,,En la web
353,Nicho,Caballero,Louis Vuitton,Imagination,,100,,,,En la web
353,Nicho,Caballero,Louis Vuitton,Imagination,,200,,,,En la web
354,Nicho,Caballero,Louis Vuitton,L'Immensité,EDP,100,,,,Nuevo (recomendado)
354,Nicho,Caballero,Louis Vuitton,L'Immensité,EDP,200,,,,Nuevo (recomendado)
355,Nicho,Unisex,Louis Vuitton,Ombre Nomade,,100,,,,En la web
355,Nicho,Unisex,Louis Vuitton,Ombre Nomade,,200,,,,En la web
356,Nicho,Caballero,Maison Francis Kurkdjian,Amyris Homme,EDT,70,,,,Nuevo (recomendado)
357,Nicho,Unisex,Maison Francis Kurkdjian,Baccarat Rouge 540 EDP,EDP,70,,,,En la web
358,Nicho,Unisex,Maison Francis Kurkdjian,Baccarat Rouge 540 Extrait,Extrait,70,,,,En la web
359,Nicho,Unisex,Maison Francis Kurkdjian,Gentle Fluidity Gold,EDP,70,,,,Nuevo (recomendado)
360,Nicho,Unisex,Maison Francis Kurkdjian,Grand Soir,,70,,,,En la web
361,Nicho,Unisex,Maison Francis Kurkdjian,Oud Satin Mood,,70,,,,En la web
362,Nicho,Unisex,Maison Margiela,Replica By the Fireplace,,30,,,,En la web
362,Nicho,Unisex,Maison Margiela,Replica By the Fireplace,,100,,,,En la web
363,Nicho,Caballero,Maison Margiela,Replica Jazz Club,,30,,,,En la web
363,Nicho,Caballero,Maison Margiela,Replica Jazz Club,,100,,,,En la web
364,Nicho,Unisex,Maison Margiela,Replica Lazy Sunday Morning,EDT,30,,,,Nuevo (recomendado)
364,Nicho,Unisex,Maison Margiela,Replica Lazy Sunday Morning,EDT,100,,,,Nuevo (recomendado)
365,Nicho,Unisex,Mancera,Cedrat Boisé,,120,,,,En la web
366,Nicho,Unisex,Mancera,Instant Crush,,120,,,,En la web
367,Nicho,Unisex,Mancera,Red Tobacco,,120,,,,En la web
368,Nicho,Dama,Mancera,Roses Vanille,EDP,120,,,,Nuevo (recomendado)
369,Nicho,Unisex,Montale,Arabians Tonka,,100,,,,En la web
370,Nicho,Caballero,Montale,Black Aoud,,100,,,,En la web
371,Nicho,Unisex,Montale,Intense Café,,100,,,,En la web
372,Nicho,Dama,Montale,Roses Musk,EDP,100,,,,Nuevo (recomendado)
373,Nicho,Unisex,Nishane,Ani,,50,,,,En la web
373,Nicho,Unisex,Nishane,Ani,,100,,,,En la web
374,Nicho,Unisex,Nishane,Hacivat,,50,,,,En la web
374,Nicho,Unisex,Nishane,Hacivat,,100,,,,En la web
375,Nicho,Unisex,Nishane,Wulong Cha,Extrait,50,,,,Nuevo (recomendado)
375,Nicho,Unisex,Nishane,Wulong Cha,Extrait,100,,,,Nuevo (recomendado)
376,Nicho,Caballero,Parfums de Marly,Althaïr,Parfum,75,,,,En la web
376,Nicho,Caballero,Parfums de Marly,Althaïr,Parfum,125,,,,En la web
377,Nicho,Dama,Parfums de Marly,Delina,Parfum,75,,,,En la web
377,Nicho,Dama,Parfums de Marly,Delina,Parfum,125,,,,En la web
378,Nicho,Dama,Parfums de Marly,Delina Exclusif,Parfum,75,,,,Nuevo (recomendado)
379,Nicho,Unisex,Parfums de Marly,Greenley,EDP,75,,,,Nuevo (recomendado)
379,Nicho,Unisex,Parfums de Marly,Greenley,EDP,125,,,,Nuevo (recomendado)
380,Nicho,Caballero,Parfums de Marly,Haltane,EDP,75,,,,Nuevo (recomendado)
380,Nicho,Caballero,Parfums de Marly,Haltane,EDP,125,,,,Nuevo (recomendado)
381,Nicho,Caballero,Parfums de Marly,Herod,Parfum,75,,,,En la web
381,Nicho,Caballero,Parfums de Marly,Herod,Parfum,125,,,,En la web
382,Nicho,Caballero,Parfums de Marly,Layton,Parfum,75,,,,En la web
382,Nicho,Caballero,Parfums de Marly,Layton,Parfum,125,,,,En la web
383,Nicho,Caballero,Parfums de Marly,Pegasus,Parfum,75,,,,En la web
383,Nicho,Caballero,Parfums de Marly,Pegasus,Parfum,125,,,,En la web
384,Nicho,Unisex,Parfums de Marly,Percival,Parfum,75,,,,En la web
384,Nicho,Unisex,Parfums de Marly,Percival,Parfum,125,,,,En la web
385,Nicho,Dama,Parfums de Marly,Valaya,EDP,75,,,,Nuevo (recomendado)
386,Nicho,Unisex,Tom Ford,Bitter Peach,,30,,,,En la web
386,Nicho,Unisex,Tom Ford,Bitter Peach,,50,,,,En la web
386,Nicho,Unisex,Tom Ford,Bitter Peach,,100,,,,En la web
387,Nicho,Unisex,Tom Ford,Fucking Fabulous,EDP,30,,,,Nuevo (recomendado)
387,Nicho,Unisex,Tom Ford,Fucking Fabulous,EDP,50,,,,Nuevo (recomendado)
387,Nicho,Unisex,Tom Ford,Fucking Fabulous,EDP,100,,,,Nuevo (recomendado)
388,Nicho,Unisex,Tom Ford,Lost Cherry,,30,,,,En la web
388,Nicho,Unisex,Tom Ford,Lost Cherry,,50,,,,En la web
388,Nicho,Unisex,Tom Ford,Lost Cherry,,100,,,,En la web
389,Nicho,Unisex,Tom Ford,Neroli Portofino,EDP,30,,,,Nuevo (recomendado)
389,Nicho,Unisex,Tom Ford,Neroli Portofino,EDP,50,,,,Nuevo (recomendado)
389,Nicho,Unisex,Tom Ford,Neroli Portofino,EDP,100,,,,Nuevo (recomendado)
390,Nicho,Caballero,Tom Ford,Noir Extreme,EDP,50,,,,Nuevo (recomendado)
390,Nicho,Caballero,Tom Ford,Noir Extreme,EDP,100,,,,Nuevo (recomendado)
391,Nicho,Unisex,Tom Ford,Oud Wood,,30,,,,En la web
391,Nicho,Unisex,Tom Ford,Oud Wood,,50,,,,En la web
391,Nicho,Unisex,Tom Ford,Oud Wood,,100,,,,En la web
392,Nicho,Unisex,Tom Ford,Rose Prick,EDP,30,,,,Nuevo (recomendado)
392,Nicho,Unisex,Tom Ford,Rose Prick,EDP,50,,,,Nuevo (recomendado)
392,Nicho,Unisex,Tom Ford,Rose Prick,EDP,100,,,,Nuevo (recomendado)
393,Nicho,Unisex,Tom Ford,Soleil Blanc,,30,,,,En la web
393,Nicho,Unisex,Tom Ford,Soleil Blanc,,50,,,,En la web
393,Nicho,Unisex,Tom Ford,Soleil Blanc,,100,,,,En la web
394,Nicho,Unisex,Tom Ford,Tobacco Vanille,,30,,,,En la web
394,Nicho,Unisex,Tom Ford,Tobacco Vanille,,50,,,,En la web
394,Nicho,Unisex,Tom Ford,Tobacco Vanille,,100,,,,En la web
395,Nicho,Unisex,Tom Ford,Tuscan Leather,EDP,30,,,,Nuevo (recomendado)
395,Nicho,Unisex,Tom Ford,Tuscan Leather,EDP,50,,,,Nuevo (recomendado)
395,Nicho,Unisex,Tom Ford,Tuscan Leather,EDP,100,,,,Nuevo (recomendado)
396,Nicho,Caballero,Xerjoff,40 Knots,,50,,,,En la web
396,Nicho,Caballero,Xerjoff,40 Knots,,100,,,,En la web
397,Nicho,Unisex,Xerjoff,Alexandria II,,50,,,,En la web
397,Nicho,Unisex,Xerjoff,Alexandria II,,100,,,,En la web
398,Nicho,Unisex,Xerjoff,Erba Gold,EDP,50,,,,Nuevo (recomendado)
398,Nicho,Unisex,Xerjoff,Erba Gold,EDP,100,,,,Nuevo (recomendado)
399,Nicho,Unisex,Xerjoff,Erba Pura,,50,,,,En la web
399,Nicho,Unisex,Xerjoff,Erba Pura,,100,,,,En la web
400,Nicho,Unisex,Xerjoff,More Than Words,EDP,100,,,,Nuevo (recomendado)
401,Nicho,Unisex,Xerjoff,Naxos,,50,,,,En la web
401,Nicho,Unisex,Xerjoff,Naxos,,100,,,,En la web
